rank,company,website,URL
1,Walmart,https://www.walmart.com/,"https://www.glassdoor.com/Overview/Working-at-Walmart-EI_IE715.11,18.htm"
2,Amazon,https://www.amazon.com/,"https://www.glassdoor.com/Overview/Working-at-Amazon-EI_IE6036.11,17.htm"
3,Apple,https://www.apple.com/,"https://www.glassdoor.com/Overview/Working-at-Apple-EI_IE1138.11,16.htm"
4,CVS Health,https://www.cvshealth.com/,"https://www.glassdoor.com/Overview/Working-at-CVS-Health-EI_IE437.11,21.htm"
5,UnitedHealth Group,https://www.unitedhealthgroup.com/,"https://www.glassdoor.com/Overview/Working-at-UnitedHealth-Group-EI_IE1991.11,29.htm"
6,Exxon Mobil,https://corporate.exxonmobil.com/,"https://www.glassdoor.com/Overview/Working-at-ExxonMobil-EI_IE237.11,21.htm"
7,Berkshire Hathaway,https://www.berkshirehathaway.com/,"https://www.glassdoor.com/Overview/Working-at-Berkshire-Hathaway-HomeServices-EI_IE3908515.11,42.htm"
8,Alphabet,https://abc.xyz/,"https://www.glassdoor.com/Overview/Working-at-Alphabet-EI_IE4920495.11,19.htm"
9,McKesson,https://www.mckesson.com/,"https://www.glassdoor.com/Overview/Working-at-McKesson-EI_IE434.11,19.htm"
10,AmerisourceBergen,https://www.amerisourcebergen.com/,"https://www.glassdoor.com/Overview/Working-at-AmerisourceBergen-EI_IE2703.11,28.htm"
11,Costco Wholesale,https://www.costco.com/,"https://www.glassdoor.com/Overview/Working-at-Costco-Wholesale-EI_IE2590.11,27.htm"
12,Cigna,https://www.cigna.com/,"https://www.glassdoor.com/Overview/Working-at-Cigna-EI_IE119.11,16.htm"
13,AT&T,https://www.att.com/,"https://www.glassdoor.com/Overview/Working-at-AT-and-T-EI_IE613.11,19.htm"
14,Microsoft,https://www.microsoft.com/en-in,"https://www.glassdoor.com/Overview/Working-at-Microsoft-EI_IE1651.11,20.htm"
15,Cardinal Health,https://www.cardinalhealth.com/en.html,"https://www.glassdoor.com/Overview/Working-at-Cardinal-Health-EI_IE1227.11,26.htm"
16,Chevron,https://www.chevron.com/,"https://www.glassdoor.com/Overview/Working-at-Chevron-EI_IE13524.11,18.htm"
17,Home Depot,https://www.homedepot.com/,"https://www.glassdoor.com/Overview/Working-at-The-Home-Depot-EI_IE655.11,25.htm"
18,Walgreens Boots Alliance,https://www.walgreensbootsalliance.com/,"https://www.glassdoor.com/Overview/Working-at-Walgreens-Boots-Alliance-EI_IE3779.11,35.htm"
19,Marathon Petroleum,https://www.marathonpetroleum.com/,"https://www.glassdoor.com/Overview/Working-at-Marathon-Petroleum-EI_IE7657.11,29.htm"
20,Elevance Health,https://www.elevancehealth.com/,"https://www.glassdoor.com/Overview/Working-at-Elevance-Health-EI_IE925157.11,26.htm"
21,Kroger,https://www.kroger.com/,"https://www.glassdoor.com/Overview/Working-at-Kroger-EI_IE386.11,17.htm"
22,Ford Motor,https://www.ford.com/,"https://www.glassdoor.com/Overview/Working-at-Ford-Motor-Company-EI_IE263.11,29.htm"
23,Verizon Communications,https://www.verizon.com/,"https://www.glassdoor.com/Overview/Working-at-Verizon-EI_IE89.11,18.htm"
24,JPMorgan Chase,https://www.jpmorganchase.com/,"https://www.glassdoor.com/Overview/Working-at-JPMorgan-Chase-and-Co-EI_IE5224839.11,32.htm"
25,General Motors,https://www.gm.com/,"https://www.glassdoor.com/Overview/Working-at-General-Motors-GM-EI_IE279.11,28.htm"
26,Centene,https://www.centene.com/,"https://www.glassdoor.com/Overview/Working-at-Centene-EI_IE13542.11,18.htm"
27,Meta Platforms,https://about.facebook.com/,"https://www.glassdoor.com/Overview/Working-at-Meta-EI_IE40772.11,15.htm"
28,Comcast,https://corporate.comcast.com/,"https://www.glassdoor.com/Overview/Working-at-Xfinity-EI_IE1888753.11,18.htm"
29,Phillips 66,https://www.phillips66.com/,"https://www.glassdoor.com/Overview/Working-at-Phillips-66-EI_IE498821.11,22.htm"
30,Valero Energy,https://www.valero.com/,"https://www.glassdoor.com/Overview/Working-at-Valero-Energy-EI_IE704.11,24.htm"
31,Dell Technologies,https://www.dell.com/en-in,"https://www.glassdoor.com/Overview/Working-at-Dell-Technologies-EI_IE1327.11,28.htm"
32,Target,https://www.target.com/,"https://www.glassdoor.com/Overview/Working-at-Target-EI_IE194.11,17.htm"
33,Fannie Mae,https://www.fanniemae.com/,"https://www.glassdoor.com/Overview/Working-at-Fannie-Mae-EI_IE247.11,21.htm"
34,UPS,https://www.ups.com/,"https://www.glassdoor.com/Overview/Working-at-UPS-EI_IE3012.11,14.htm"
35,Lowe's,https://www.lowes.com/,"https://www.glassdoor.com/Overview/Working-at-Lowe-EI_IE17356.11,15.htm"
36,Bank of America,https://www.bankofamerica.com/,"https://www.glassdoor.com/Overview/Working-at-Bank-of-America-EI_IE8874.11,26.htm"
37,Johnson & Johnson,https://www.jnj.com/,"https://www.glassdoor.com/Overview/Working-at-Johnson-and-Johnson-EI_IE364.11,30.htm"
38,Archer Daniels Midland,https://www.adm.com/,"https://www.glassdoor.com/Overview/Working-at-Archer-Daniels-Midland-ADM-EI_IE55.11,37.htm"
39,FedEx,https://www.fedex.com/,"https://www.glassdoor.com/Overview/Working-at-FedEx-Ground-EI_IE16846.11,23.htm"
40,Humana,https://www.humana.com/,"https://www.glassdoor.com/Overview/Working-at-Humana-EI_IE340.11,17.htm"
41,Wells Fargo,https://www.wellsfargo.com/,"https://www.glassdoor.com/Overview/Working-at-Wells-Fargo-EI_IE8876.11,22.htm"
42,State Farm Insurance,https://www.statefarm.com/,"https://www.glassdoor.com/Overview/Working-at-State-Farm-EI_IE2990.11,21.htm"
43,Pfizer,https://www.pfizer.com/,"https://www.glassdoor.com/Overview/Working-at-Pfizer-EI_IE525.11,17.htm"
44,Citigroup,https://www.citigroup.com/,"https://www.glassdoor.com/Overview/Working-at-Citi-EI_IE8843.11,15.htm"
45,PepsiCo,https://www.pepsico.com/,"https://www.glassdoor.com/Overview/Working-at-PepsiCo-EI_IE522.11,18.htm"
46,Intel,https://www.intel.com/,"https://www.glassdoor.com/Overview/Working-at-Intel-Corporation-EI_IE1519.11,28.htm"
47,Procter & Gamble,https://www.pg.co.uk/,"https://www.glassdoor.com/Overview/Working-at-Procter-and-Gamble-EI_IE544.11,29.htm"
48,General Electric,https://www.ge.com/,"https://www.glassdoor.com/Overview/Working-at-GE-EI_IE277.11,13.htm"
49,IBM,https://www.ibm.com/,"https://www.glassdoor.com/Overview/Working-at-IBM-EI_IE354.11,14.htm"
50,MetLife,https://www.metlife.com/,"https://www.glassdoor.com/Overview/Working-at-MetLife-EI_IE2899.11,18.htm"
51,Prudential Financial,https://www.prudential.com/,"https://www.glassdoor.com/Overview/Working-at-Prudential-EI_IE2944.11,21.htm"
52,Albertsons,https://www.albertsons.com/,"https://www.glassdoor.com/Overview/Working-at-Albertsons-Companies-EI_IE22.11,31.htm"
53,Walt Disney,https://thewaltdisneycompany.com/,"https://www.glassdoor.com/Overview/Working-at-Walt-Disney-Company-EI_IE717.11,30.htm"
54,Energy Transfer,https://www.energytransfer.com/,"https://www.glassdoor.com/Overview/Working-at-Energy-Transfer-Solutions-EI_IE2300640.11,36.htm"
55,Lockheed Martin,https://www.lockheedmartin.com/,"https://www.glassdoor.com/Overview/Working-at-Lockheed-Martin-EI_IE404.11,26.htm"
56,Freddie Mac,https://www.freddiemac.com/,"https://www.glassdoor.com/Overview/Working-at-Freddie-Mac-EI_IE1585.11,22.htm"
57,Goldman Sachs Group,https://www.goldmansachs.com/,"https://www.glassdoor.com/Overview/Working-at-Goldman-Sachs-EI_IE2800.11,24.htm"
58,Raytheon Technologies,https://www.rtx.com/,"https://www.glassdoor.com/Overview/Working-at-Raytheon-Technologies-EI_IE561.11,32.htm"
59,HP,https://www.hp.com/,"https://www.glassdoor.com/Overview/Working-at-Hewlett-Packard-Enterprise-HPE-EI_IE1093046.11,41.htm"
60,Boeing,https://www.boeing.com/,"https://webcache.googleusercontent.com/search?q=cache:9k5fSFnTgCgJ:https://www.glassdoor.com/Overview/Working-at-Boeing-EI_IE102.11,17.htm&cd=8&hl=en&ct=clnk&gl=us"
61,Morgan Stanley,https://www.morganstanley.com/,"https://www.glassdoor.com/Overview/Working-at-Morgan-Stanley-EI_IE2282.11,25.htm"
62,HCAHealthcare,https://www.abbvie.com/,"https://www.glassdoor.com/Overview/Working-at-HCA-Healthcare-EI_IE2062.11,25.htm"
63,AbbVie,https://www.abbvie.com/,"https://www.glassdoor.com/Overview/Working-at-AbbVie-EI_IE649837.11,17.htm"
64,Dow,https://www.dow.com/,"https://www.glassdoor.com/Overview/Working-at-Dow-EI_IE207.11,14.htm"
65,Tesla,https://www.tesla.com/,"https://www.glassdoor.com/Overview/Working-at-Tesla-EI_IE43129.11,16.htm"
66,Allstate,https://www.allstate.com/,"https://www.glassdoor.com/Overview/Working-at-Allstate-EI_IE2341.11,19.htm"
67,AIG,https://www.aig.com/,"https://www.glassdoor.com/Overview/Working-at-AIG-EI_IE40.11,14.htm"
68,Best Buy,https://www.bestbuy.com/,"https://www.glassdoor.com/Overview/Working-at-Best-Buy-EI_IE97.11,19.htm"
69,Charter Communications,https://corporate.charter.com/,"https://www.glassdoor.com/Overview/Working-at-Spectrum-EI_IE1500006.11,19.htm"
70,Sysco,https://www.sysco.com/,"https://www.glassdoor.com/Overview/Working-at-Sysco-EI_IE634.11,16.htm"
71,Merck,https://www.merck.com/,"https://www.glassdoor.com/Overview/Working-at-Merck-EI_IE438.11,16.htm"
72,New York Life Insurance,https://www.newyorklife.com/,"https://www.glassdoor.com/Overview/Working-at-New-York-Life-EI_IE2915.11,24.htm"
73,Caterpillar,https://www.caterpillar.com/,"https://www.glassdoor.com/Overview/Working-at-Caterpillar-EI_IE137.11,22.htm"
74,Cisco Systems,https://www.cisco.com/,"https://www.glassdoor.com/Overview/Working-at-Cisco-Systems-EI_IE1425.11,24.htm"
75,TJX,https://www.tjx.com/,"https://www.glassdoor.com/Overview/Working-at-The-TJX-Companies-Inc-EI_IE639.11,32.htm"
76,Publix Super Markets,https://www.publix.com/,"https://www.glassdoor.com/Overview/Working-at-Publix-EI_IE2945.11,17.htm"
77,ConocoPhillips,https://www.conocophillips.com/,"https://www.glassdoor.com/Overview/Working-at-ConocoPhillips-EI_IE14933.11,25.htm"
78,Liberty Mutual Insurance Group,https://www.libertymutualgroup.com/,"https://www.glassdoor.com/Overview/Working-at-Liberty-Insurance-EI_IE1036828.11,28.htm"
79,Progressive,https://www.progressive.com/,"https://www.glassdoor.com/Overview/Working-at-Progressive-Insurance-EI_IE546.11,32.htm"
80,Nationwide,https://www.nationwide.com/,"https://www.glassdoor.com/Overview/Working-at-Nationwide-Insurance-EI_IE4797718.11,31.htm"
81,Tyson Foods,https://www.tysonfoods.com/,"https://www.glassdoor.com/Overview/Working-at-Tyson-EI_IE342.11,16.htm"
82,Bristol-Myers Squibb,https://www.bms.com/,"https://www.glassdoor.com/Overview/Working-at-Bristol-Myers-Squibb-EI_IE107.11,31.htm"
83,Nike,https://www.nike.com/,"https://www.glassdoor.com/Overview/Working-at-NIKE-EI_IE1699.11,15.htm"
84,Deere,https://www.deere.com/,"https://www.glassdoor.com/Overview/Working-at-John-Deere-EI_IE195.11,21.htm"
85,American Express,https://www.americanexpress.com/,"https://www.glassdoor.com/Overview/Working-at-American-Express-EI_IE35.11,27.htm"
86,Abbott Laboratories,https://www.abbott.com/,"https://www.glassdoor.com/Overview/Working-at-Abbott-EI_IE12.11,17.htm"
87,StoneX Group,https://www.stonex.com/,"https://www.glassdoor.com/Overview/Working-at-StoneX-EI_IE3798545.11,17.htm"
88,Plains GP Holdings,https://www.plains.com/,"https://www.glassdoor.com/Overview/Working-at-Plains-Midstream-EI_IE353888.11,27.htm"
89,Enterprise Products,https://www.enterpriseproducts.com/,"https://www.glassdoor.com/Overview/Working-at-Enterprise-Products-MN-EI_IE2395615.11,33.htm"
90,TIAA,https://www.tiaa.org/,"https://www.glassdoor.com/Overview/Working-at-TIAA-EI_IE2998.11,15.htm"
91,Oracle,https://www.oracle.com/,"https://www.glassdoor.com/Overview/Working-at-Oracle-EI_IE1737.11,17.htm"
92,Thermo Fisher Scientific,https://www.thermofisher.com/,"https://www.glassdoor.com/Overview/Working-at-Thermo-Fisher-Scientific-EI_IE658.11,35.htm"
93,Coca-Cola,https://www.coca-colacompany.com/,"https://www.glassdoor.com/Overview/Working-at-Coca-Cola-%C4%B0%C3%A7ecek-EI_IE1294000.11,27.htm"
94,General Dynamics,https://www.gd.com/,"https://www.glassdoor.com/Overview/Working-at-General-Dynamics-Mission-Systems-EI_IE941740.11,43.htm"
95,CHS,https://www.chsinc.com/,"https://www.glassdoor.com/Overview/Working-at-ITG-Brands-EI_IE1026370.11,21.htm"
96,USAA,https://www.usaa.com/,"https://webcache.googleusercontent.com/search?q=cache:XX-DfatiNu4J:https://www.glassdoor.com/Overview/Working-at-USAA-EI_IE3033.11,15.htm&cd=10&hl=en&ct=clnk&gl=us"
97,Northwestern Mutual,https://www.northwesternmutual.com/,"https://www.glassdoor.com/Overview/Working-at-Northwestern-Mutual-EI_IE2919.11,30.htm"
98,Nucor,https://www.nucor.com/,"https://www.glassdoor.com/Overview/Working-at-Nucor-Construction-EI_IE271307.11,29.htm"
99,Exelon,https://www.exeloncorp.com/,"https://www.glassdoor.com/Overview/Working-at-Exelon-Generation-EI_IE31509.11,28.htm"
100,Massachusetts Mutual Life,https://www.massmutual.com/,"https://www.glassdoor.com/Overview/Working-at-MassMutual-EI_IE2890.11,21.htm"
101,Northrop Grumman,https://www.northropgrumman.com/,"https://www.glassdoor.com/Overview/Working-at-Northrop-Grumman-EI_IE488.11,27.htm"
102,3M,https://www.3m.com/,"https://www.glassdoor.com/Overview/Working-at-3M-EI_IE446.11,13.htm"
103,Travelers,https://www.travelers.com/,"https://www.glassdoor.com/Overview/Working-at-Travelers-EI_IE1904.11,20.htm"
104,Arrow Electronics,https://www.arrow.com/,"https://www.glassdoor.com/Overview/Working-at-Arrow-Electronics-EI_IE56.11,28.htm"
105,Honeywell International,https://www.honeywell.com/,"https://www.glassdoor.com/Overview/Working-at-Honeywell-EI_IE28.11,20.htm"
106,Dollar General,https://www.dollargeneral.com/,"https://www.glassdoor.com/Overview/Working-at-Dollar-General-EI_IE1342.11,25.htm"
107,Qualcomm,https://www.qualcomm.com/,"https://www.glassdoor.com/Overview/Working-at-Qualcomm-EI_IE640.11,19.htm"
108,Capital One Financial,https://www.capitalone.com/,"https://www.glassdoor.com/Overview/Working-at-Capital-One-EI_IE3736.11,22.htm"
109,TD Synnex,https://www.tdsynnex.com/,"https://www.glassdoor.com/Overview/Working-at-TD-SYNNEX-EI_IE5923248.11,20.htm"
110,Philip Morris Internationé,https://www.pmi.com/,"https://www.glassdoor.com/Overview/Working-at-Philip-Morris-USA-EI_IE7735.11,28.htm"
111,World Fuel Services,https://www.wfscorp.com/,"https://www.glassdoor.com/Overview/Working-at-World-Fuel-Services-EI_IE910.11,30.htm"
112,Performance Food Group,https://www.pfgc.com/,"https://www.glassdoor.com/Overview/Working-at-Performance-Food-Group-EI_IE2402.11,33.htm"
113,Delta Air Lines,https://www.delta.com/,"https://www.glassdoor.com/Overview/Working-at-Delta-Air-Lines-EI_IE197.11,26.htm"
114,American Airlines Group,https://www.aa.com/,"https://www.glassdoor.com/Overview/Working-at-American-Airlines-EI_IE8.11,28.htm"
115,Netflix,https://www.netflix.com/,"https://www.glassdoor.com/Overview/Working-at-Netflix-EI_IE11891.11,18.htm"
116,Paramount Global,https://www.paramount.com/,"https://www.glassdoor.com/Overview/Working-at-Paramount-Global-Solutions-EI_IE277817.11,37.htm"
117,US Foods Holding,https://www.usfoods.com/,"https://www.glassdoor.com/Overview/Working-at-US-Foods-EI_IE2856.11,19.htm"
118,Danaher,https://www.danaher.com/,"https://www.glassdoor.com/Overview/Working-at-Danaher-EI_IE193.11,18.htm"
119,Jabil,https://www.jabil.com/,"https://www.glassdoor.com/Overview/Working-at-Jabil-EI_IE2330.11,16.htm"
120,Starbucks,https://www.starbucks.com/,"https://www.glassdoor.com/Overview/Working-at-Starbucks-EI_IE2202.11,20.htm"
121,Mondelez International,https://www.mondelezinternational.com/,"https://www.glassdoor.com/Overview/Working-at-Mondel%C4%93z-International-EI_IE628257.11,33.htm"
122,EliLilly,https://www.lilly.com/,"https://www.glassdoor.com/Overview/Working-at-Eli-Lilly-and-Company-EI_IE223.11,32.htm"
123,Hewlett Packard Enterpri,https://www.hpe.com/,"https://www.glassdoor.com/Overview/Working-at-Hewlett-Packard-Enterprise-HPE-EI_IE1093046.11,41.htm"
124,D.R. Horton,https://www.drhorton.com/,"https://www.glassdoor.com/Overview/Working-at-D-R-Horton-EI_IE2195.11,21.htm"
125,Molina Healthcare,http://www.molinahealthcare.com/,"https://www.glassdoor.com/Overview/Working-at-Molina-Healthcare-EI_IE15828.11,28.htm"
126,CBRE Group,https://www.cbre.com/,"https://www.glassdoor.com/Overview/Working-at-CBRE-EI_IE465818.11,15.htm"
127,Micron Technology,https://www.micron.com/,"https://www.glassdoor.com/Overview/Working-at-Micron-Technology-EI_IE1648.11,28.htm"
128,Broadcom,https://www.broadcom.com/,"https://www.glassdoor.com/Overview/Working-at-Broadcom-EI_IE6926.11,19.htm"
129,Gilead Sciences,https://www.gilead.com/,"https://www.glassdoor.com/Overview/Working-at-Gilead-Sciences-EI_IE2016.11,26.htm"
130,PBF Energy,https://www.pbfenergy.com/,"https://www.glassdoor.com/Overview/Working-at-PBF-Energy-EI_IE548995.11,21.htm"
131,Lennar,https://www.lennar.com/,"https://www.glassdoor.com/Overview/Working-at-Lennar-Mortgage-EI_IE5057522.11,26.htm"
132,United Natural Foods,https://www.unfi.com/,"https://www.glassdoor.com/Overview/Working-at-UNFI-EI_IE6334.11,15.htm"
133,NRG Energy,https://www.nrg.com/,"https://www.glassdoor.com/Overview/Working-at-NRG-Energy-EI_IE11895.11,21.htm"
134,Nvidia,https://www.nvidia.com/,"https://www.glassdoor.com/Overview/Working-at-NVIDIA-EI_IE7633.11,17.htm"
135,Occidental Petroleum,https://www.oxy.com/,"https://www.glassdoor.com/Overview/Working-at-Occidental-Petroleum-EI_IE491.11,31.htm"
136,Salesforce,https://www.salesforce.com/,"https://www.glassdoor.com/Overview/Working-at-Salesforce-EI_IE11159.11,21.htm"
137,Dollar Tree,https://www.dollartree.com/,"https://www.glassdoor.com/Overview/Working-at-Dollar-Tree-EI_IE4033.11,22.htm"
138,KKR,https://www.kkr.com/,"https://www.glassdoor.com/Overview/Working-at-KKR-EI_IE2865.11,14.htm"
139,Kraft Heinz,https://www.kraftheinzcompany.com/,"https://www.glassdoor.com/Overview/Working-at-Kraft-Heinz-Company-EI_IE1026712.11,30.htm"
140,Amgen,https://www.amgen.com/,"https://www.glassdoor.com/Overview/Working-at-Amgen-EI_IE1130.11,16.htm"
141,AutoNation,https://www.autonation.com/,"https://www.glassdoor.com/Overview/Working-at-AutoNation-EI_IE2593.11,21.htm"
142,Penske Automotive Group,https://www.penskeautomotive.com/,"https://www.glassdoor.com/Overview/Working-at-Penske-Motor-Group-EI_IE510101.11,29.htm"
143,PayPal Holdings,https://www.paypal.com/,"https://www.glassdoor.com/Overview/Working-at-PayPal-EI_IE9848.11,17.htm"
144,Macy's,https://www.macys.com/,"https://www.glassdoor.com/Overview/Working-at-Macy-s-EI_IE1079.11,17.htm"
145,Duke Energy,https://www.duke-energy.com/,"https://www.glassdoor.com/Overview/Working-at-Duke-Energy-EI_IE211.11,22.htm"
146,United Airlines Holdings,https://ir.united.com/,"https://www.glassdoor.com/Overview/Working-at-United-Airlines-EI_IE683.11,26.htm"
147,Visa,https://www.visa.com/,"https://www.glassdoor.com/Overview/Working-at-Visa-Inc-EI_IE3035.11,19.htm"
148,Rite Aid,https://www.riteaid.com/,"https://www.glassdoor.com/Overview/Working-at-Rite-Aid-EI_IE565.11,19.htm"
149,Cummins,https://www.cummins.com/,"https://www.glassdoor.com/Overview/Working-at-Cummins-EI_IE187.11,18.htm"
150,U.S. Bancorp,https://www.usbank.com/,"https://www.glassdoor.com/Overview/Working-at-U-S-Bank-EI_IE8937.11,19.htm"
151,Paccar,https://www.paccar.com/,"https://www.glassdoor.com/Overview/Working-at-Paccar-Financial-EI_IE3228016.11,27.htm"
152,McDonald's,https://www.mcdonalds.com/,"https://www.glassdoor.com/Overview/Working-at-McDonald-s-EI_IE432.11,21.htm"
153,Southern,https://www.southernrailway.com/,"https://www.glassdoor.com/Overview/Working-at-Southern-California-Institute-of-Technology-EI_IE363615.11,54.htm"
154,C.H. Robinson Worldwide,https://www.chrobinson.com/,"https://www.glassdoor.com/Overview/Working-at-C-H-Robinson-EI_IE7124.11,23.htm"
155,Truist Financial,https://www.truist.com/,"https://www.glassdoor.com/Overview/Working-at-Truist-EI_IE3145458.11,17.htm"
156,Applied Materials,https://www.appliedmaterials.com/,"https://www.glassdoor.com/Overview/Working-at-Applied-Materials-EI_IE1139.11,28.htm"
157,Freeport-McMoRan,https://www.fcx.com/,"https://www.glassdoor.com/Overview/Working-at-Freeport-McMoRan-EI_IE266.11,27.htm"
158,Lithia Motors,https://www.lithia.com/,"https://www.glassdoor.com/Overview/Working-at-Lithia-and-Driveway-EI_IE6507.11,30.htm"
159,Blackstone,https://www.blackstone.com/,"https://www.glassdoor.com/Overview/Working-at-Blackstone-EI_IE2351317.11,21.htm"
160,Hartford Financial Services Group,https://www.thehartford.com/,"https://www.glassdoor.com/Overview/Working-at-The-Hartford-EI_IE4314.11,23.htm"
161,Aflac,https://www.aflac.com/,"https://www.glassdoor.com/Overview/Working-at-Aflac-EI_IE1302.11,16.htm"
162,Whirlpool,https://www.whirlpoolindia.com/,"https://www.glassdoor.com/Overview/Working-at-Whirlpool-Corporation-EI_IE732.11,32.htm"
163,Union Pacific,https://www.up.com/,"https://www.glassdoor.com/Overview/Working-at-Union-Pacific-EI_IE691.11,24.htm"
164,International Paper,https://www.internationalpaper.com/,"https://www.glassdoor.com/Overview/Working-at-International-Paper-EI_IE356.11,30.htm"
165,AltriaGroup,https://www.altria.com/,"https://www.glassdoor.com/Overview/Working-at-Altria-EI_IE528.11,17.htm"
166,CDW,https://www.cdw.com/,"https://www.glassdoor.com/Overview/Working-at-CDW-EI_IE2347.11,14.htm"
167,ManpowerGroup,https://www.manpowergroup.com/,"https://www.glassdoor.com/Overview/Working-at-Manpower-Group-EI_IE4624605.11,25.htm"
168,PG&E,https://www.pgecorp.com/,"https://www.glassdoor.com/Overview/Working-at-Pacific-Gas-and-Electric-EI_IE15208.11,35.htm"
169,Carrier Global,https://www.corporate.carrier.com/,"https://www.glassdoor.com/Overview/Working-at-Carrier-EI_IE11042.11,18.htm"
170,Baker Hughes,https://www.bakerhughes.com/,"https://www.glassdoor.com/Overview/Working-at-Baker-Hughes-EI_IE1902699.11,23.htm"
171,Cleveland-Cliffs,https://www.clevelandcliffs.com/,"https://www.glassdoor.com/Overview/Working-at-Cleveland-Cliffs-EI_IE157.11,27.htm"
172,United States Steel,https://www.ussteel.com/,"https://www.glassdoor.com/Overview/Working-at-United-States-Steel-EI_IE1251.11,30.htm"
173,Becton Dickinson,https://www.bd.com/,"https://www.glassdoor.com/Overview/Working-at-Cleveland-Cliffs-EI_IE157.11,27.htm"
174,CarMax,https://www.carmax.com/,"https://www.glassdoor.com/Overview/Working-at-CarMax-EI_IE6561.11,17.htm"
175,Sherwin-Williams,https://www.sherwin-williams.com/,"https://www.glassdoor.com/Overview/Working-at-Sherwin-Williams-EI_IE599.11,27.htm"
176,Builders FirstSource,https://www.bldr.com/,"https://www.glassdoor.com/Overview/Working-at-Builders-FirstSource-EI_IE11189.11,31.htm"
177,Marsh & McLennan,https://www.marsh.com/,"https://www.glassdoor.com/Overview/Working-at-Marsh-McLennan-Agency-EI_IE823747.11,32.htm"
178,PNC Financial Services,https://www.pnc.com/en/personal-banking.html,"https://www.glassdoor.com/Overview/Working-at-PNC-Financial-Services-Group-EI_IE507.11,39.htm"
179,Lumen Technologies,https://www.lumen.com/,"https://www.glassdoor.com/Overview/Working-at-Lumen-EI_IE248324.11,16.htm"
180,Avnet,https://www.avnet.com/,"https://www.glassdoor.com/Overview/Working-at-Avnet-EI_IE66.11,16.htm"
181,Tenet Healthcare,https://www.tenethealth.com/,"https://www.glassdoor.com/Overview/Working-at-Tenet-Healthcare-EI_IE466.11,27.htm"
182,Kimberly-Clark,https://www.kimberly-clark.com/,"https://www.glassdoor.com/Overview/Working-at-Kimberly-Clark-EI_IE383.11,25.htm"
183,Kohl's,https://www.kohls.com/,"https://www.glassdoor.com/Overview/Working-at-Kohl-s-EI_IE592.11,17.htm"
184,BlackRock,https://www.blackrock.com/,"https://www.glassdoor.com/Overview/Working-at-BlackRock-EI_IE9331.11,20.htm"
185,Jones Lang LaSalle,https://www.us.jll.com/,"https://www.glassdoor.com/Overview/Working-at-Jones-Lang-LaSalle-IP-EI_IE4266449.11,32.htm"
186,Lear,https://www.lear.com/,"https://www.glassdoor.com/Overview/Working-at-Lear-Capital-EI_IE717210.11,23.htm"
187,Lincoln National,https://www.lincolnfinancial.com/,"https://www.glassdoor.com/Overview/Working-at-Lincoln-Financial-Group-EI_IE403.11,34.htm"
188,Charles Schwab,https://www.schwab.com/,"https://www.glassdoor.com/Overview/Working-at-Charles-Schwab-EI_IE144.11,25.htm"
189,Ross Stores,https://www.rossstores.com/,"https://www.glassdoor.com/Overview/Working-at-Ross-Stores-EI_IE1843.11,22.htm"
190,Mastercard,https://www.mastercard.us/,"https://www.glassdoor.com/Overview/Working-at-Mastercard-EI_IE3677.11,21.htm"
191,Genuine Parts,https://www.genpt.com/,"https://www.glassdoor.com/Overview/Working-at-Genuine-Parts-Giant-EI_IE2859988.11,30.htm"
192,WestRock,https://www.westrock.com/,"https://www.glassdoor.com/Overview/Working-at-WestRock-EI_IE1033056.11,19.htm"
193,EOG Resources,https://www.eogresources.com/,"https://www.glassdoor.com/Overview/Working-at-EOG-EI_IE1467.11,14.htm"
194,goanizant Technology,https://www.cognizant.com/,"https://www.glassdoor.com/Overview/Working-at-Planet-Technology-EI_IE4372836.11,28.htm"
195,Moderna,https://www.modernatx.com/,"https://www.glassdoor.com/Overview/Working-at-Moderna-EI_IE453959.11,18.htm"
196,Steel Dynamics,https://stld.steeldynamics.com/,"https://www.glassdoor.com/Overview/Working-at-Steel-Dynamics-EI_IE6441.11,25.htm"
197,HF Sinclair,https://www.hfsinclair.com/,"https://www.glassdoor.com/Overview/Working-at-HF-Sinclair-EI_IE7280508.11,22.htm"
198,Texas Instruments,https://www.ti.com/,"https://www.glassdoor.com/Overview/Working-at-Texas-Instruments-EI_IE651.11,28.htm"
199,Emerson Electric,https://www.emerson.com/,"https://www.glassdoor.com/Overview/Working-at-Emerson-EI_IE225.11,18.htm"
200,WESCO International,https://www.wesco.com/,"https://www.glassdoor.com/Overview/Working-at-WESCO-International-EI_IE7599.11,30.htm"
201,General Mills,https://www.generalmills.com/,"https://www.glassdoor.com/Overview/Working-at-General-Mills-EI_IE278.11,24.htm"
202,Tenneco,https://www.tenneco.com/,"https://www.glassdoor.com/Overview/Working-at-Tenneco-EI_IE646.11,18.htm"
203,Waste Management,https://gwcnweb.org/,"https://www.glassdoor.com/Overview/Working-at-California-Integrated-Waste-Management-Board-EI_IE41813.11,55.htm"
204,Viatris,https://www.viatris.com/,"https://www.glassdoor.com/Overview/Working-at-Viatris-EI_IE4143192.11,18.htm"
205,DISH Network,https://www.dish.com/,"https://www.glassdoor.com/Overview/Working-at-DISH-EI_IE4501.11,15.htm"
206,L3Harris Technologies,https://www.l3harris.com/,"https://www.glassdoor.com/Overview/Working-at-L3Harris-EI_IE2898734.11,19.htm"
207,DXC Technology,https://dxc.com/,"https://www.glassdoor.com/Overview/Working-at-DXC-Technology-EI_IE1603125.11,25.htm"
208,Block,https://www.block.xyz/,"https://www.glassdoor.com/Overview/Working-at-Block-EI_IE422050.11,16.htm"
209,Goodyear Tire & Rubber,https://www.goodyear.com/,"https://www.glassdoor.com/Overview/Working-at-The-Goodyear-Tire-and-Rubber-Company-EI_IE4372727.11,47.htm"
210,Uber Technologies,https://www.uber.com/,"https://www.glassdoor.com/Overview/Working-at-Uber-EI_IE575263.11,15.htm"
211,Colgate-Palmolive,https://www.colgatepalmolive.com/,"https://www.glassdoor.com/Overview/Working-at-Colgate-Palmolive-EI_IE162.11,28.htm"
212,Stanley Black & Decker,https://www.stanleyblackanddecker.com/,"https://www.glassdoor.com/Overview/Working-at-Stanley-Black-and-Decker-EI_IE350350.11,35.htm"
213,DuPont,https://www.dupont.com/,"https://www.glassdoor.com/Overview/Working-at-DuPont-EI_IE215.11,17.htm"
214,Stryker,https://www.stryker.com/,"https://www.glassdoor.com/Overview/Working-at-Stryker-EI_IE1918.11,18.htm"
215,NextEra Energy,https://www.nexteraenergy.com/,"https://www.glassdoor.com/Overview/Working-at-NextEra-Energy-Inc-EI_IE221824.11,29.htm"
216,Targa Resources,https://www.targaresources.com/,"https://www.glassdoor.com/Overview/Working-at-Targa-EI_IE42428.11,16.htm"
217,Western Digital,https://www.westerndigital.com/,"https://www.glassdoor.com/Overview/Working-at-Western-Digital-EI_IE1067.11,26.htm"
218,PPG Industries,https://www.ppg.com/,"https://www.glassdoor.com/Overview/Working-at-PPG-EI_IE715728.11,14.htm"
219,American Electric Power,https://www.aep.com/,"https://www.glassdoor.com/Overview/Working-at-AEP-Energy-EI_IE684215.11,21.htm"
220,Gap,https://www.gap.com/,"https://www.glassdoor.com/Overview/Working-at-Gap-EI_IE114118.11,14.htm"
221,BJ's Wholesale Club,https://www.bjs.com/,"https://www.glassdoor.com/Overview/Working-at-BJ-s-Wholesale-Club-EI_IE6813.11,30.htm"
222,Reinsurance Group of,https://www.rgare.com/,"https://www.glassdoor.com/Overview/Working-at-Reinsurance-Group-of-America-EI_IE2316.11,39.htm"
223,Kinder Morgan,https://www.kindermorgan.com/,"https://www.glassdoor.com/Overview/Working-at-Kinder-Morgan-EI_IE4156.11,24.htm"
224,Oneok,https://www.oneok.com/,"https://www.glassdoor.com/Overview/Working-at-ONEOK-EI_IE490.11,16.htm"
225,Expeditors Intl. of Washington,https://www.expeditors.com/,"https://www.glassdoor.com/Overview/Working-at-Expeditors-EI_IE1381.11,21.htm"
226,Advanced Micro Devices,https://www.amd.com/,"https://www.glassdoor.com/Overview/Working-at-AMD-EI_IE15.11,14.htm"
227,Fiserv,https://www.fiserv.com/,"https://www.glassdoor.com/Overview/Working-at-Fiserv-EI_IE1384.11,17.htm"
228,Estée Lauder,https://www.elcompanies.com/,"https://www.glassdoor.com/Overview/Working-at-Est%C3%A9e-Lauder-Companies-EI_IE2785.11,33.htm"
229,Bank of New York Mellon,https://www.bnymellon.com/,"https://www.glassdoor.com/Overview/Working-at-BNY-Mellon-EI_IE78.11,21.htm"
230,Laboratory Corp. of America,https://www.labcorp.com/,"https://www.glassdoor.com/Overview/Working-at-Labcorp-EI_IE1679.11,18.htm"
231,Regeneron Pharmaceuticals,https://www.regeneron.com/,"https://www.glassdoor.com/Overview/Working-at-Regeneron-EI_IE981.11,20.htm"
232,Land O'Lakes,https://www.landolakesinc.com/,"https://www.glassdoor.com/Overview/Working-at-Land-O-Lakes-EI_IE2869.11,23.htm"
233,Cheniere Energy,https://www.cheniere.com/,"https://www.glassdoor.com/Overview/Working-at-Cheniere-Energy-EI_IE7318.11,26.htm"
234,Southwest Airlines,https://www.southwest.com/,"https://www.glassdoor.com/Overview/Working-at-Southwest-Airlines-EI_IE611.11,29.htm"
235,Adobe,https://www.adobe.com/,"https://www.glassdoor.com/Overview/Working-at-Adobe-EI_IE1090.11,16.htm"
236,Synchrony Financial,https://www.synchrony.com/,"https://www.glassdoor.com/Overview/Working-at-Synchrony-EI_IE852160.11,20.htm"
237,Corteva,https://www.corteva.com/,"https://www.glassdoor.com/Overview/Working-at-Corteva-Agriscience-EI_IE2159858.11,30.htm"
238,Fidelity National Financial,https://fnf.com/,"https://www.glassdoor.com/Overview/Working-at-Fidelity-National-Financial-EI_IE39083.11,38.htm"
239,DTEEnergy,https://www.newlook.dteenergy.com/,"https://www.glassdoor.com/Overview/Working-at-DTE-Energy-EI_IE199.11,21.htm"
240,Murphy USA,https://www.murphyusa.com/,"https://www.glassdoor.com/Overview/Working-at-Murphy-USA-EI_IE3564014.11,21.htm"
241,Halliburton,https://www.halliburton.com/,"https://www.glassdoor.com/Overview/Working-at-Halliburton-EI_IE307.11,22.htm"
242,Automatic Data Processing,https://www.adp.com/,"https://www.glassdoor.com/Overview/Working-at-ADP-EI_IE64.11,14.htm"
243,Edison International,https://www.edison.com/,"https://www.glassdoor.com/Overview/Working-at-Edison-International-EI_IE578.11,31.htm"
244,BorgWarner,https://www.borgwarner.com/,"https://www.glassdoor.com/Overview/Working-at-BorgWarner-EI_IE1652.11,21.htm"
245,Nordstrom,https://www.nordstrom.com/,"https://www.glassdoor.com/Overview/Working-at-Nordstrom-EI_IE1704.11,20.htm"
246,Loews,https://loews.com/,"https://www.glassdoor.com/Overview/Working-at-Loews-Hotels-and-Co-EI_IE13438.11,30.htm"
247,Guardian Life Ins. Co. of America,https://www.guardianlife.com/,"https://www.glassdoor.com/Overview/Working-at-Guardian-Life-Insurance-EI_IE2155732.11,34.htm"
248,Pioneer Natural Resources,https://www.pxd.com/,"https://www.glassdoor.com/Overview/Working-at-Pioneer-Natural-Resources-EI_IE3571.11,36.htm"
249,AutoZone,https://www.autozone.com/,"https://www.glassdoor.com/Overview/Working-at-AutoZone-EI_IE610.11,19.htm"
250,Lam Research,https://www.lamresearch.com/,"https://www.glassdoor.com/Overview/Working-at-Lam-Research-EI_IE1582.11,23.htm"
251,American Family Insurance Group,https://www.amfam.com/,"https://www.glassdoor.com/Overview/Working-at-American-Family-Insurance-EI_IE2706.11,36.htm"
252,Illinois Tool Works,https://www.itw.com/,"https://www.glassdoor.com/Overview/Working-at-ITW-EI_IE348.11,14.htm"
253,Parker-Hannifin,https://www.parker.com/,"https://www.glassdoor.com/Overview/Working-at-Parker-Hannifin-EI_IE517.11,26.htm"
254,Otis Worldwide,https://www.otis.com/,"https://www.glassdoor.com/Overview/Working-at-OTIS-EI_IE7865.11,15.htm"
255,Omnicom Group,https://www.omnicomgroup.com/,"https://www.glassdoor.com/Overview/Working-at-Omnicom-EI_IE1734.11,18.htm"
256,Principal Financial,https://www.principal.com/,"https://www.glassdoor.com/Overview/Working-at-Principal-Financial-Group-EI_IE2941.11,36.htm"
257,Dominion Energy,https://www.dominionenergy.com/,"https://www.glassdoor.com/Overview/Working-at-Dominion-Energy-EI_IE204.11,26.htm"
258,Kellogg,https://www.kelloggs.com/,"https://www.glassdoor.com/Overview/Working-at-Kellogg-Company-EI_IE377.11,26.htm"
259,Fluor,https://www.fluor.com/,"https://www.glassdoor.com/Overview/Working-at-Fluor-EI_IE262.11,16.htm"
260,AECOM,https://aecom.com/,"https://www.glassdoor.com/Overview/Working-at-AECOM-EI_IE5632.11,16.htm"
261,Reliance Steel & Aluminum,https://www.rsac.com/,"https://www.glassdoor.com/Overview/Working-at-Reliance-Steel-EI_IE3693.11,25.htm"
262,Jacobs Engineering Group,https://www.jacobs.com/,"https://www.glassdoor.com/Overview/Working-at-Jacobs-EI_IE913.11,17.htm"
263,Corning,https://www.corning.com/,"https://www.glassdoor.com/Overview/Working-at-Corning-EI_IE183.11,18.htm"
264,Farmers Insurance Exchange,https://www.farmers.com/,"https://www.glassdoor.com/Overview/Working-at-Farmers-Insurance-Group-EI_IE3955.11,34.htm"
265,Qurate Retail,https://www.qurateretailgroup.com/,"https://www.glassdoor.com/Overview/Working-at-Qurate-Retail-Group-EI_IE2174720.11,30.htm"
266,Pacific Life,https://www.pacificlife.com/,"https://www.glassdoor.com/Overview/Working-at-Pacific-Life-Re-EI_IE3195586.11,26.htm"
267,PulteGroup,https://www.pultegroupinc.com/,"https://www.glassdoor.com/Overview/Working-at-PulteGroup-EI_IE506.11,21.htm"
268,"Fidelity National Information
Services",https://www.fisglobal.com/,"https://www.glassdoor.com/Overview/Working-at-FIS-EI_IE313114.11,14.htm"
269,1QVIA Holdings,https://www.iqvia.com/,"https://www.glassdoor.com/Overview/Working-at-IQVIA-EI_IE8347.11,16.htm"
270,Marriott International,https://www.marriott.com/,"https://www.glassdoor.com/Overview/Working-at-Marriott-International-EI_IE7790.11,33.htm"
271,Berry Global Group,https://www.berryglobal.com/,"https://www.glassdoor.com/Overview/Working-at-Berry-Global-EI_IE8775.11,23.htm"
272,Ball,https://www.ball.com/,"https://www.glassdoor.com/Overview/Working-at-Ball-Aerospace-EI_IE17592.11,25.htm"
273,Group 1 Automotive,https://www.group1auto.com/,"https://www.glassdoor.com/Overview/Working-at-Group-1-Automotive-EI_IE6990.11,29.htm"
274,Leidos Holdings,https://www.leidos.com/,"https://www.glassdoor.com/Overview/Working-at-Leidos-EI_IE730545.11,17.htm"
275,Wayfair,https://www.wayfair.com/,"https://www.glassdoor.com/Overview/Working-at-Wayfair-EI_IE134525.11,18.htm"
276,Consolidated Edison,https://www.coned.com/,"https://www.glassdoor.com/Overview/Working-at-Con-Edison-EI_IE16462.11,21.htm"
277,Ameriprise Financial,https://www.ameriprise.com/,"https://www.glassdoor.com/Overview/Working-at-Ameriprise-EI_IE15316.11,21.htm"
278,Xcel Energy,https://my.xcelenergy.com/,"https://www.glassdoor.com/Overview/Working-at-Xcel-Energy-EI_IE487.11,22.htm"
279,O'Reilly Automotive,https://www.oreillyauto.com/,"https://www.glassdoor.com/Overview/Working-at-O-Reilly-Auto-Parts-EI_IE2328.11,30.htm"
280,Global Partners,https://www.globalp.com/,"https://www.glassdoor.com/Overview/Working-at-CMD-Global-Partners-EI_IE3647471.11,30.htm"
281,Discover Financial Services,https://www.discover.com/,"https://www.glassdoor.com/Overview/Working-at-Discover-EI_IE13990.11,19.htm"
282,Rocket Companies,https://www.rocketcompanies.com/,"https://www.glassdoor.com/Overview/Working-at-Rocket-Companies-EI_IE7856.11,27.htm"
283,LKQ,https://www.lkqcorp.com/,"https://www.glassdoor.com/Overview/Working-at-LKQ-Pick-Your-Part-EI_IE4131605.11,29.htm"
284,W.W. Grainger,https://www.grainger.com/,"https://www.glassdoor.com/Overview/Working-at-Grainger-EI_IE711.11,19.htm"
285,Quanta Services,https://www.quantaservices.com/,"https://www.glassdoor.com/Overview/Working-at-Quanta-EI_IE311490.11,17.htm"
286,CrownHoldings,https://www.crowncork.com/,"https://www.glassdoor.com/Overview/Working-at-Crown-Holdings-EI_IE186.11,25.htm"
287,Fox,https://www.foxnews.com/,"https://www.glassdoor.com/Overview/Working-at-Fox-Corporation-EI_IE2938629.11,26.htm"
288,Sempra,https://www.sempra.com/,"https://www.glassdoor.com/Overview/Working-at-Sempra-EI_IE8437.11,17.htm"
289,Markel,https://www.markel.com/,"https://www.glassdoor.com/Overview/Working-at-Markel-EI_IE1618.11,17.htm"
290,Carvana,https://www.carvana.com/,"https://www.glassdoor.com/Overview/Working-at-CARVANA-EI_IE750603.11,18.htm"
291,XPO Logistics,https://www.xpo.com/,"https://www.glassdoor.com/Overview/Working-at-XPO-Logistics-EI_IE615153.11,24.htm"
292,Baxter International,https://www.baxter.com/,"https://www.glassdoor.com/Overview/Working-at-Baxter-EI_IE83.11,17.htm"
293,Ecolab,https://www.ecolab.com/,"https://www.glassdoor.com/Overview/Working-at-Ecolab-EI_IE222.11,17.htm"
294,Tractor Supply,https://www.tractorsupply.com/,"https://www.glassdoor.com/Overview/Working-at-Tractor-Supply-EI_IE2602.11,25.htm"
295,The Andersons,https://www.andersonsinc.com/,"https://www.glassdoor.com/Overview/Working-at-Anderson-LA-EI_IE750727.11,22.htm"
296,Keurig Dr Pepper,https://www.keurigdrpepper.com/,"https://www.glassdoor.com/Overview/Working-at-Keurig-Dr-Pepper-EI_IE2134135.11,27.htm"
297,Universal Health Services,https://uhs.com/,"https://www.glassdoor.com/Overview/Working-at-Universal-Care-EI_IE19795.11,25.htm"
298,CSX,https://www.csx.com/,"https://www.glassdoor.com/Overview/Working-at-CSX-EI_IE124.11,14.htm"
299,Henry Schein,https://www.henryschein.com/,"https://www.glassdoor.com/Overview/Working-at-Henry-Schein-EI_IE5319.11,23.htm"
300,Sonic Automotive,https://www.sonicautomotive.com/,"https://www.glassdoor.com/Overview/Working-at-Sonic-Automotive-EI_IE7094.11,27.htm"
301,eBay,https://www.ebay.com/,"https://www.glassdoor.com/Overview/Working-at-eBay-EI_IE7853.11,15.htm"
302,Textron,https://www.textron.com/,"https://www.glassdoor.com/Overview/Working-at-Textron-Aviation-EI_IE851254.11,27.htm"
303,Jones Financial (Edward Jones),https://www.edwardjones.com/,"https://www.glassdoor.com/Overview/Working-at-Edward-Jones-EI_IE3161.11,23.htm"
304,Community Health Systems,https://www.chs.net/,"https://www.glassdoor.com/Overview/Working-at-Community-Health-System-CA-EI_IE473295.11,37.htm"
305,Mosaic,https://www.mosaicco.com/,"https://www.glassdoor.com/Overview/Working-at-MIR-Mosaic-EI_IE1477328.11,21.htm"
306,Thor Industries,https://www.thorindustries.com/,"https://www.glassdoor.com/Overview/Working-at-Thor-Industries-EI_IE661.11,26.htm"
307,Dick's Sporting Goods,https://www.dickssportinggoods.com/,"https://www.glassdoor.com/Overview/Working-at-DICK-S-Sporting-Goods-EI_IE8666.11,32.htm"
308,Newmont,https://newmont.com/,"https://www.glassdoor.com/Overview/Working-at-Newmont-EI_IE479.11,18.htm"
309,Devon Energy,https://www.devonenergy.com/,"https://www.glassdoor.com/Overview/Working-at-Devon-Energy-EI_IE839.11,23.htm"
310,Warner Bros. Discovery,https://wbd.com/,"https://www.glassdoor.com/Overview/Working-at-WarnerMedia-EI_IE12777.11,22.htm"
311,J.B. Hunt Transport Services,https://www.jbhunt.com/,"https://www.glassdoor.com/Overview/Working-at-J-B-Hunt-Transport-EI_IE1540.11,29.htm"
312,Alcoa,https://www.alcoa.com/,"https://www.glassdoor.com/Overview/Working-at-Alcoa-Agency-EI_IE3756833.11,23.htm"
313,Peter Kiewit Sons’,https://www.kiewit.com/,"https://www.glassdoor.com/Overview/Working-at-Kiewit-Corporation-EI_IE2935.11,29.htm"
314,Aramark,https://www.aramark.com/,"https://www.glassdoor.com/Overview/Working-at-Aramark-EI_IE2716.11,18.htm"
315,Vistra,https://www.vistra.com/,"https://www.glassdoor.com/Overview/Working-at-Vistra-EI_IE1283335.11,17.htm"
316,State Street,https://www.statestreet.com/,"https://www.glassdoor.com/Overview/Working-at-State-Street-EI_IE1911.11,23.htm"
317,Unum Group,https://www.unum.com/,"https://www.glassdoor.com/Overview/Working-at-Unum-EI_IE9522.11,15.htm"
318,Alleghany,https://www.alleghany.com/,"https://www.glassdoor.com/Overview/Working-at-Alleghany-Memorial-Hospital-EI_IE901566.11,38.htm"
319,Boston Scientific,https://www.bostonscientific.com/,"https://www.glassdoor.com/Overview/Working-at-Boston-Scientific-EI_IE2187.11,28.htm"
320,Westlake,https://www.westlake.com/,"https://www.glassdoor.com/Overview/Working-at-WestLake-Financial-Group-EI_IE156369.11,35.htm"
321,Entergy,https://www.entergy.com/,"https://www.glassdoor.com/Overview/Working-at-Commercial-Energy-EI_IE22608.11,28.htm"
322,International Flavors & Fragrances,https://www.iff.com/,"https://www.glassdoor.com/Overview/Working-at-International-Flavors-and-Fragrances-EI_IE355.11,47.htm"
323,DaVita,https://www.davita.com/,"https://www.glassdoor.com/Overview/Working-at-DaVita-EI_IE5367.11,17.htm"
324,Mutual of Omaha Insurance,https://www.mutualofomaha.com/,"https://www.glassdoor.com/Overview/Working-at-Mutual-of-Omaha-EI_IE3678.11,26.htm"
325,Assurant,https://www.libertymedia.com/,"https://www.glassdoor.com/Overview/Working-at-Assurant-EI_IE13793.11,19.htm"
326,Liberty Media,https://www.libertymedia.com/,"https://www.glassdoor.com/Overview/Working-at-Liberty-Media-EI_IE5991.11,24.htm"
327,Hormel Foods,https://www.hormelfoods.com/,"https://www.glassdoor.com/Overview/Working-at-Hormel-EI_IE877.11,17.htm"
328,Icahn Enterprises,https://www.ielp.com/,"https://www.glassdoor.com/Overview/Working-at-Icahn-Enterprises-EI_IE42.11,28.htm"
329,Republic Services,https://www.republicservices.com/,"https://www.glassdoor.com/Overview/Working-at-Republic-Services-EI_IE8328.11,28.htm"
330,Mohawk Industries,https://mohawkind.com/,"https://www.glassdoor.com/Overview/Working-at-Mohawk-Industries-EI_IE1644.11,28.htm"
331,Conagra Brands,https://www.conagrabrands.com/,"https://www.glassdoor.com/Overview/Working-at-Conagra-Brands-EI_IE172.11,25.htm"
332,Norfolk Southern,http://www.nscorp.com/,"https://www.glassdoor.com/Overview/Working-at-Norfolk-Southern-EI_IE483.11,27.htm"
333,AES,https://www.aes.com/,"https://www.glassdoor.com/Overview/Working-at-AES-Corporation-EI_IE291.11,26.htm"
334,AGCO,https://www.agcocorp.com/,"https://www.glassdoor.com/Overview/Working-at-AGCO-EI_IE2161.11,15.htm"
335,Caesars Entertainment,https://www.caesars.com/,"https://www.glassdoor.com/Overview/Working-at-Caesars-Entertainment-EI_IE367190.11,32.htm"
336,Equitable Holdings,https://equitableholdings.com/,"https://www.glassdoor.com/Overview/Working-at-Equitable-EI_IE19955.11,20.htm"
337,Advance Auto Parts,https://shop.advanceautoparts.com/,"https://www.glassdoor.com/Overview/Working-at-Advance-Auto-Parts-EI_IE8708.11,29.htm"
338,Biogen,https://www.biogen.com/,"https://www.glassdoor.com/Overview/Working-at-Biogen-EI_IE1336.11,17.htm"
339,Auto-Owners Insurance,http://www.auto-owners.com/,"https://www.glassdoor.com/Overview/Working-at-Auto-Owners-Insurance-EI_IE16164.11,32.htm"
340,Booking Holdings,https://www.bookingholdings.com/,"https://www.glassdoor.com/Overview/Working-at-Booking-Holdings-EI_IE1398057.11,27.htm"
341,Amphenol,https://amphenol.com/,"https://www.glassdoor.com/Overview/Working-at-Amphenol-Network-Solutions-EI_IE4782430.11,37.htm"
342,Quest Diagnostics,https://www.questdiagnostics.com/,"https://www.glassdoor.com/Overview/Working-at-Quest-Diagnostics-EI_IE6655.11,28.htm"
343,FirstEnergy,https://firstenergycorp.com//,"https://www.glassdoor.com/Overview/Working-at-First-Energy-EI_IE851884.11,23.htm"
344,DCP Midstream,https://www.dcpmidstream.com/,"https://www.glassdoor.com/Overview/Working-at-DCP-Midstream-LP-EI_IE113394.11,27.htm"
345,Ally Financial,https://firstenergycorp.com/,"https://www.glassdoor.com/Overview/Working-at-Ally-Financial-EI_IE7222.11,25.htm"
346,Delek US Holdings,https://www.delekus.com/,"https://www.glassdoor.com/Overview/Working-at-Delek-US-EI_IE24268.11,19.htm"
347,Williams,https://www.williamsf1.com/,"https://www.glassdoor.com/Overview/Working-at-Williams-Products-EI_IE808219.11,28.htm"
348,Newell Brands,https://www.newellbrands.com/,"https://www.glassdoor.com/Overview/Working-at-Newell-Brands-EI_IE1269885.11,24.htm"
349,Eastman Chemical,https://www.eastman.com/,"https://www.glassdoor.com/Overview/Working-at-Eastman-EI_IE2452.11,18.htm"
350,Air Products & Chemicals,https://www.airproducts.com/,"https://www.glassdoor.com/Overview/Working-at-Air-Products-EI_IE17.11,23.htm"
351,Thrivent Financial for,https://www.thrivent.com/,"https://www.glassdoor.com/Overview/Working-at-Thrivent-EI_IE3663.11,19.htm"
352,Molson Coors Beverage,https://www.molsoncoors.com/,"https://www.glassdoor.com/Overview/Working-at-Molson-Coors-Beverage-Company-EI_IE1091.11,40.htm#:~:text=Overall%2C%2067%25%20of%20employees%20would,Beverage%20Company%20to%20a%20friend."
353,Interpublic Group,https://www.interpublic.com/,"https://www.glassdoor.com/Overview/Working-at-Interpublic-Group-EI_IE358.11,28.htm"
354,Weyerhaeuser,https://www.weyerhaeuser.com/,"https://www.glassdoor.com/Overview/Working-at-Weyerhaeuser-EI_IE730.11,23.htm"
355,Altice USA,https://www.alticeusa.com/,"https://www.glassdoor.com/Overview/Working-at-Altice-USA-EI_IE3190196.11,21.htm"
356,Raymond James Financial,https://www.raymondjames.com/,"https://www.glassdoor.com/Overview/Working-at-Raymond-James-Financial-EI_IE559.11,34.htm"
357,EMCOR Group,https://www.emcorgroup.com/,"https://www.glassdoor.com/Overview/Working-at-EMCOR-Group-Inc-EI_IE5711334.11,26.htm"
358,Eversource Energy,https://www.eversource.com/,"https://www.glassdoor.com/Overview/Working-at-Eversource-Energy-EI_IE970297.11,28.htm"
359,Yum China Holdings,https://ir.yumchina.com/,"https://www.glassdoor.com/Overview/Working-at-Yum-China-Holdings-EI_IE5416770.11,29.htm"
360,Asbury Automotive Group,https://www.asburyauto.com/,"https://www.glassdoor.com/Overview/Working-at-Asbury-Automotive-EI_IE7510.11,28.htm"
361,Owens & Minor,https://www.owens.edu/,"https://www.glassdoor.com/Overview/Working-at-Owens-and-Minor-EI_IE501.11,26.htm"
362,Public Service Enterprise Group,https://landing.pseg.com/,"https://www.glassdoor.com/Overview/Working-at-PSEG-EI_IE16719.11,15.htm"
363,United Rentals,https://www.unitedrentals.com/,"https://www.glassdoor.com/Overview/Working-at-Rentals-United-EI_IE1977106.11,25.htm"
364,MGM Resorts International,https://www.mgmresorts.com/,"https://www.glassdoor.com/Overview/Working-at-MGM-Resorts-International-EI_IE1260.11,36.htm"
365,Ryder System,https://www.ryder.com/,"https://www.glassdoor.com/Overview/Working-at-Ryder-System-EI_IE575.11,23.htm"
366,Intuit,https://www.intuit.com/,"https://www.glassdoor.com/Overview/Working-at-Intuit-EI_IE2293.11,17.htm"
367,Cincinnati Financial,https://www.cinfin.com/,"https://www.glassdoor.com/Overview/Working-at-The-Cincinnati-Insurance-Company-EI_IE1255.11,43.htm"
368,Erie Insurance Group,https://www.erieinsurance.com/,"https://www.glassdoor.com/Overview/Working-at-Erie-Insurance-Group-EI_IE16165.11,31.htm"
369,Univar Solutions,https://www.univarsolutions.com/,"https://www.glassdoor.com/Overview/Working-at-Univar-Solutions-EI_IE14183.11,27.htm"
370,Huntington Ingalls Industries,https://huntingtoningalls.com/,"https://www.glassdoor.com/Overview/Working-at-G2-Inc-EI_IE233490.11,17.htm"
371,W.R. Berkley,https://www.berkley.com/,"https://www.glassdoor.com/Overview/Working-at-W-R-Berkley-EI_IE2020.11,22.htm"
372,Western and Southen Financial Group,https://www.westernsouthern.com/,"https://www.glassdoor.com/Overview/Working-at-Western-and-Southern-Life-EI_IE19522.11,36.htm"
373,Insight Enterprises,https://www.insight.com/,"https://www.glassdoor.com/Overview/Working-at-Insight-EI_IE3823.11,18.htm"
374,News Corp.,https://newscorp.com/,"https://www.glassdoor.com/Overview/Working-at-News-Corp-EI_IE3493.11,20.htm"
375,American Tower,https://www.americantower.com/,"https://www.glassdoor.com/Overview/Working-at-American-Tower-EI_IE8043.11,25.htm"
376,Old Republic International,https://www.oldrepublic.com/,"https://www.glassdoor.com/Overview/Working-at-Old-Republic-EI_IE1731.11,23.htm"
377,Burlington Stores,https://www.burlington.com/,"https://www.glassdoor.com/Overview/Working-at-Burlington-Stores-EI_IE114.11,28.htm"
378,Avis Budget Group,https://avisbudgetgroup.com/,"https://www.glassdoor.com/Overview/Working-at-Avis-Budget-Group-EI_IE7303.11,28.htm"
379,ODP,https://www.officedepot.com/,"https://www.glassdoor.com/Overview/Working-at-Office-Depot-EI_IE1723.11,23.htm"
380,VF,vfc.com,"https://www.glassdoor.com/Overview/Working-at-VF-EI_IE703.11,13.htm"
381,Bed Bath & Beyond,https://www.bedbathandbeyond.com/,"https://www.glassdoor.com/Overview/Working-at-Bed-Bath-and-Beyond-EI_IE1961.11,30.htm"
382,Seaboard,https://www.seaboardcorp.com/,"https://www.glassdoor.com/Overview/Working-at-Seaboard-EI_IE1006.11,19.htm"
383,First American Financial,https://www.firstam.com/,"https://www.glassdoor.com/Overview/Working-at-First-American-Financial-Corporation-EI_IE2526.11,47.htm"
384,Intercontinental Exchange,https://www.theice.com/,"https://www.glassdoor.com/Overview/Working-at-Informa-Markets-EI_IE3195106.11,26.htm"
385,PVH,https://www.pvh.com/,"https://www.glassdoor.com/Overview/Working-at-PVH-Corp-EI_IE530.11,19.htm"
386,Apollo Global Management,https://www.apollo.com/,"https://www.glassdoor.com/Overview/Working-at-Apollo-Global-Management-EI_IE2715.11,35.htm"
387,Jefferies Financial Group,https://www.jefferies.com/,"https://www.glassdoor.com/Overview/Working-at-Jefferies-EI_IE1546.11,20.htm"
388,Hershey,https://www.thehersheycompany.com/,"https://www.glassdoor.com/Overview/Working-at-Hershey-EI_IE4038044.11,18.htm"
389,NVR,https://www.nvrinc.com/,"https://www.glassdoor.com/Overview/Working-at-NVR-EI_IE954.11,14.htm"
390,Foot Locker,https://www.footlocker.com/,"https://www.glassdoor.com/Overview/Working-at-Foot-Locker-EI_IE238.11,22.htm"
391,Dana,https://www.dana.com/,"https://www.glassdoor.com/Overview/Working-at-City-of-Dana-Point-EI_IE1476155.11,29.htm"
392,SpartanNash,https://www.spartannash.com/,"https://www.glassdoor.com/Overview/Working-at-SpartanNash-EI_IE786062.11,22.htm"
393,Olin,https://olin.com/,"https://www.glassdoor.com/Overview/Working-at-The-Olin-Group-EI_IE1625882.11,25.htm"
394,Chewy,https://www.chewy.com/,"https://www.glassdoor.com/Overview/Working-at-Chewy-EI_IE815856.11,16.htm"
395,Jackson National Life,https://www.jackson.com/,"https://www.glassdoor.com/Overview/Working-at-Jackson-National-Life-EI_IE27260.11,32.htm"
396,Activision Blizzard,https://www.activisionblizzard.com/,"https://www.glassdoor.com/Overview/Working-at-Activision-Blizzard-EI_IE605784.11,30.htm"
397,Toll Brothers,https://www.tollbrothers.com/,"https://www.glassdoor.com/Overview/Working-at-Toll-Brothers-EI_IE667.11,24.htm"
398,Carlyle Group,https://www.carlyle.com/,"https://www.glassdoor.com/Overview/Working-at-The-Carlyle-Group-EI_IE3670.11,28.htm"
399,Graybar Electric,https://www.graybar.com/,"https://www.glassdoor.com/Overview/Working-at-Graybar-EI_IE2804.11,18.htm"
400,Ovintiv,https://www.ovintiv.com/,"https://www.glassdoor.com/Overview/Working-at-Ovintiv-EI_IE3282291.11,18.htm"
401,UFP Industries,https://www.ufpi.com/,"https://www.glassdoor.com/Overview/Working-at-UFP-Industries-EI_IE2368.11,25.htm"
402,Ulta Beauty,https://www.ulta.com/,"https://www.glassdoor.com/Overview/Working-at-Ulta-Beauty-EI_IE9466.11,22.htm"
403,Constellation Brands,https://www.cbrands.com/,"https://www.glassdoor.com/Overview/Working-at-Constellation-Brands-EI_IE805.11,31.htm"
404,Expedia Group,https://www.expediagroup.com/,"https://www.glassdoor.com/Overview/Working-at-Expedia-Group-EI_IE9876.11,24.htm"
405,CommScope Holding,https://www.commscope.com/,"https://www.glassdoor.com/Overview/Working-at-CommScope-EI_IE7061.11,20.htm"
406,Celanese,https://www.celanese.com/,"https://www.glassdoor.com/Overview/Working-at-Celanese-EI_IE37824.11,19.htm"
407,Global Payments,https://www.globalpayments.com/,"https://www.glassdoor.com/Overview/Working-at-Global-Payments-Integrated-EI_IE1631884.11,37.htm"
408,Owens Corning,https://www.owenscorning.com/,"https://www.glassdoor.com/Overview/Working-at-Owens-Corning-EI_IE42287.11,24.htm"
409,Campbell Soup,https://www.campbells.com/,"https://www.glassdoor.com/Overview/Working-at-Campbell-Soup-Company-EI_IE129.11,32.htm"
410,Huntsman,https://www.huntsman.com/,"https://www.glassdoor.com/Overview/Working-at-Huntsman-Corp-EI_IE37877.11,24.htm"
411,Franklin Resources,https://www.franklinresources.com/,"https://www.glassdoor.com/Overview/Working-at-Franklin-Templeton-Investments-EI_IE240744.11,41.htm"
412,Avery Dennison,https://www.averydennison.com/,"https://www.glassdoor.com/Overview/Working-at-Avery-Dennison-EI_IE65.11,25.htm"
413,Masco,https://masco.com/,"https://www.glassdoor.com/Overview/Working-at-Masco-EI_IE427.11,16.htm"
414,CenterPoint Energy,https://www.centerpointenergy.com/,"https://www.glassdoor.com/Overview/Working-at-CenterPoint-Energy-EI_IE338.11,29.htm"
415,Fifth Third Bancorp,https://www.53.com/,"https://www.glassdoor.com/Overview/Working-at-Fifth-Third-EI_IE1395.11,22.htm"
416,WEC Energy Group,https://www.wecenergygroup.com/,"https://www.glassdoor.com/Overview/Working-at-WEC-Energy-Group-EI_IE1103041.11,27.htm"
417,S&P Global,https://www.spglobal.com/,"https://www.glassdoor.com/Overview/Working-at-S-and-P-Global-EI_IE1259396.11,25.htm"
418,FMGlobal,https://www.fmglobal.com/,"https://www.glassdoor.com/Overview/Working-at-FM-Global-EI_IE15259.11,20.htm"
419,Polaris,https://www.polaris.com/,"https://www.glassdoor.com/Overview/Working-at-Polaris-EI_IE985.11,18.htm"
420,Williams-Sonoma,https://www.williams-sonoma.com/,"https://www.glassdoor.com/Overview/Working-at-Williams-Sonoma-Inc-EI_IE2043.11,30.htm"
421,Autoliv,https://www.autoliv.com/,"https://www.glassdoor.com/Overview/Working-at-Autoliv-EI_IE6879.11,18.htm"
422,Arthur J. Gallagher,https://www.ajg.com/,"https://www.glassdoor.com/Overview/Working-at-Gallagher-EI_IE57.11,20.htm"
423,Motorola Solutions,https://www.motorolasolutions.com/,"https://www.glassdoor.com/Overview/Working-at-Motorola-Solutions-EI_IE427189.11,29.htm"
424,Tillow Group,https://www.zillowgroup.com/,"https://www.glassdoor.com/Overview/Working-at-Twilio-EI_IE410790.11,17.htm"
425,Opendoor Technologies,https://www.opendoor.com/,"https://www.glassdoor.com/Overview/Working-at-Opendoor-EI_IE1021515.11,19.htm"
426,J.M. Smucker,https://www.jmsmucker.com/,"https://www.glassdoor.com/Overview/Working-at-The-J-M-Smucker-Co-EI_IE362.11,29.htm"
427,Anywhere Real Estate,https://www.anywhere.re/,"https://www.glassdoor.com/Overview/Working-at-eXp-Realty-EI_IE907965.11,21.htm"
428,Oshkosh,https://www.oshkosh.com/,"https://www.glassdoor.com/Overview/Working-at-City-of-Oshkosh-EI_IE952364.11,26.htm"
429,MasTec,https://www.mastec.com/,"https://www.glassdoor.com/Overview/Working-at-MasTec-EI_IE1198.11,17.htm"
430,GXO Logistics,https://gxo.com/,"https://www.glassdoor.com/Overview/Working-at-GXO-Logistics-EI_IE5604152.11,24.htm"
431,APA,https://www.apa.org/,"https://www.glassdoor.com/Overview/Working-at-APA-IT-EI_IE1187865.11,17.htm"
432,Boise Cascade,https://www.bc.com/,"https://www.glassdoor.com/Overview/Working-at-Boise-Cascade-EI_IE37819.11,24.htm"
433,Dover,https://www.dovercorporation.com/,"https://www.glassdoor.com/Overview/Working-at-Dover-Corporation-EI_IE206.11,28.htm"
434,Genworth Financial,https://www.genworth.com/,"https://www.glassdoor.com/Overview/Working-at-Genworth-EI_IE34925.11,19.htm"
435,Bath & Body Works,https://www.bathandbodyworks.com/,"https://www.glassdoor.com/Overview/Working-at-Bath-and-Body-Works-EI_IE13902.11,30.htm"
436,Booz Allen Hamilton Holding,https://www.coinbase.com/,"https://www.glassdoor.com/Overview/Working-at-Booz-Allen-Hamilton-EI_IE2735.11,30.htm"
437,Coinbase Global,https://www.coinbase.com/,"https://www.glassdoor.com/Overview/Working-at-Coinbase-EI_IE779622.11,19.htm"
438,Zimmer Biomet Holdings,https://www.zimmerbiomet.com/,"https://www.glassdoor.com/Overview/Working-at-Zimmer-Biomet-EI_IE1017414.11,24.htm"
439,Westinghouse Air Break Technologies,https://www.wabteccorp.com/,"https://www.glassdoor.com/Overview/Working-at-Wabtec-EI_IE363475.11,17.htm"
440,Zoetis,https://www.zoetis.com/,"https://www.glassdoor.com/Overview/Working-at-Zoetis-EI_IE680848.11,17.htm"
441,Packaging Corp. of America,https://www.packagingcorp.com/,"https://www.glassdoor.com/Overview/Working-at-American-Packaging-Corp-EI_IE631159.11,34.htm"
442,LPL Financial Holdings,https://www.lpl.com/,"https://www.glassdoor.com/Overview/Working-at-LPL-Financial-EI_IE227035.11,24.htm"
443,T. Rowe Price,https://www.troweprice.com/,"https://www.glassdoor.com/Overview/Working-at-T-Rowe-Price-EI_IE3583.11,23.htm"
444,Fortune Brands Home & Security,https://www.troweprice.com/,"https://www.glassdoor.com/Overview/Working-at-Fortune-Brands-Home-and-Security-EI_IE31.11,43.htm"
445,Casey's General Stores,https://www.caseys.com/,"https://www.glassdoor.com/Overview/Working-at-Casey-s-EI_IE1232.11,18.htm"
446,A-Mark Precious Metals,amark.com,"https://www.glassdoor.com/Overview/Working-at-A-Mark-Precious-Metals-EI_IE2697.11,33.htm"
447,Hess,https://www.hess.com/,"https://www.glassdoor.com/Overview/Working-at-Hess-Corporation-EI_IE30.11,27.htm"
448,Vertex Pharmaceuticals,https://www.vrtx.com/,"https://www.glassdoor.com/Overview/Working-at-Vertex-Pharmaceuticals-EI_IE2080.11,33.htm"
449,KeyCorp,http://www.keycorpltd.com/,"https://www.glassdoor.com/Overview/Working-at-KeyBank-EI_IE381.11,18.htm"
450,Chipotle Mexican Grill,https://www.chipotle.com/,"https://www.glassdoor.com/Overview/Working-at-Chipotle-EI_IE15228.11,19.htm"
451,CMS Energy,https://www.cmsenergy.com/,"https://www.glassdoor.com/Overview/Working-at-Consumers-Energy-EI_IE14959.11,27.htm"
452,Arconic,https://www.arconic.com/,"https://www.glassdoor.com/Overview/Working-at-Arconic-EI_IE1466697.11,18.htm"
453,Taylor Morrison Home,https://www.taylormorrison.com/,"https://www.glassdoor.com/Overview/Working-at-Taylor-Morrison-EI_IE37887.11,26.htm"
454,American Financial Group,https://www.afginc.com/,"https://www.glassdoor.com/Overview/Working-at-American-Financial-Group-EI_IE953199.11,35.htm"
455,UGI,https://www.ugicorp.com/,"https://www.glassdoor.com/Overview/Working-at-UGI-Utilities-EI_IE912441.11,24.htm"
456,Science Applications International,https://www.saic.com/,"https://www.glassdoor.com/Overview/Working-at-SAIC-EI_IE41130.11,15.htm"
457,Avantor,https://www.avantorsciences.com/,"https://www.glassdoor.com/Overview/Working-at-Avantor-EI_IE224262.11,18.htm"
458,Hanesbrands,https://www.hanes.com/,"https://www.glassdoor.com/Overview/Working-at-Hanesbrands-EI_IE13758.11,22.htm"
459,Clorox,https://www.clorox.com/,"https://www.glassdoor.com/Overview/Working-at-The-Clorox-Company-EI_IE158.11,29.htm"
460,KBR,https://www.kbr.com/,"https://www.glassdoor.com/Overview/Working-at-KBR-EI_IE18604.11,14.htm"
461,TravelCenters of America,https://www.ta-petro.com/,"https://www.glassdoor.com/Overview/Working-at-TravelCenters-of-America-EI_IE4696.11,35.htm"
462,Hertz Global Holdings,https://ir.hertz.com/,"https://www.glassdoor.com/Overview/Working-at-Hertz-EI_IE4071.11,16.htm"
463,Analog Devices,https://www.analog.com/,"https://www.glassdoor.com/Overview/Working-at-Analog-Devices-EI_IE49.11,25.htm"
464,Securian Financial Group,https://www.securian.com/,"https://www.glassdoor.com/Overview/Working-at-Securian-Financial-EI_IE2902.11,29.htm"
465,Darden Restaurants,https://www.darden.com/,"https://www.glassdoor.com/Overview/Working-at-Cytiva-EI_IE3360352.11,17.htm"
466,Graphic Packaging Holding,https://www.graphicpkg.com/,"https://www.glassdoor.com/Overview/Working-at-Graphic-Packaging-International-EI_IE2199.11,42.htm"
466,NCR,https://www.ncr.com/,"https://www.glassdoor.com/Overview/Working-at-NCR-EI_IE4212.11,14.htm"
468,Brighthouse Financial,https://www.brighthousefinancial.com/,"https://www.glassdoor.com/Overview/Working-at-Brighthouse-Financial-EI_IE1618643.11,32.htm"
469,PPL,https://www.pplindia.org/,"https://www.glassdoor.com/Overview/Working-at-PPL-Group-EI_IE3403656.11,20.htm"
470,Cintas,https://www.cintas.com/,"https://www.glassdoor.com/Overview/Working-at-Cintas-EI_IE1256.11,17.htm"
471,Xerox Holdings,https://www.xerox.com/,"https://www.glassdoor.com/Overview/Working-at-Xerox-EI_IE747.11,16.htm"
472,Rockwell Automation,https://www.rockwellautomation.com/,"https://www.glassdoor.com/Overview/Working-at-Rockwell-Automation-EI_IE567.11,30.htm"
473,Citizens Financial Group,https://www.citizensbank.com/,"https://www.glassdoor.com/Overview/Working-at-Citizens-Financial-Services-EI_IE20458.11,38.htm"
474,KLA,https://www.kla.com/,"https://www.glassdoor.com/Overview/Working-at-KLA-EI_IE1557.11,14.htm"
475,Camping World Holdings,https://investor.campingworld.com/,"https://www.glassdoor.com/Overview/Working-at-Camping-World-EI_IE19691.11,24.htm"
476,Ingredion,https://www.ingredion.com/,"https://www.glassdoor.com/Overview/Working-at-Ingredion-EI_IE7616.11,20.htm"
477,Veritiv,https://www.veritivcorp.com/,"https://www.glassdoor.com/Overview/Working-at-Veritiv-EI_IE833033.11,18.htm"
478,Beacon Roofing Supply,https://www.becn.com/,"https://www.glassdoor.com/Overview/Working-at-Beacon-Building-Products-EI_IE18072.11,35.htm"
479,Diamondback Energy,https://ir.diamondbackenergy.com/,"https://www.glassdoor.com/Overview/Working-at-Diamondback-Energy-EI_IE42426.11,29.htm"
480,Victoria's Secret,https://www.victoriassecret.com/,"https://www.glassdoor.com/Overview/Working-at-Victoria-s-Secret-EI_IE13903.11,28.htm"
481,Academy Sports and Outdoors,https://www.academy.com/,"https://www.glassdoor.com/Overview/Working-at-Academy-Sports-Outdoors-EI_IE3053.11,34.htm"
482,Sanmina,https://www.sanmina.com/,"https://www.glassdoor.com/Overview/Working-at-Sanmina-EI_IE2322.11,18.htm"
483,ON Semiconductor,https://www.onsemi.com/,"https://www.glassdoor.com/Overview/Working-at-onsemi-EI_IE9708.11,17.htm"
484,Commercial Metals,https://www.cmc.com/,"https://www.glassdoor.com/Overview/Working-at-CMC-Materials-EI_IE11440.11,24.htm#:~:text=Overall%2C%2079%25%20of%20employees%20would,anonymously%20submitted%20reviews%20on%20Glassdoor."
485,EnLink Midstream,https://www.enlink.com/,"https://www.glassdoor.com/Overview/Working-at-EnLink-Midstream-EI_IE824488.11,27.htm"
486,Southwestern Energy,https://www.swn.com/,"https://www.glassdoor.com/Overview/Working-at-Southwestern-Energy-EI_IE614.11,30.htm"
487,Equinix,https://www.equinix.se/,"https://www.glassdoor.com/Overview/Working-at-Equinix-EI_IE11296.11,18.htm"
488,Dillard's,https://www.dillards.com/,"https://www.glassdoor.com/Overview/Working-at-Dillard-s-EI_IE202.11,20.htm"
489,Regions Financial,https://ir.regions.com/,"https://www.glassdoor.com/Overview/Working-at-Regions-Financial-EI_IE1397.11,28.htm"
490,Yum Brands,https://www.yum.com/,"https://www.glassdoor.com/Overview/Working-at-Yum-Brands-EI_IE6995.11,21.htm"
491,Landstar System,https://www.landstar.com/,"https://www.glassdoor.com/Overview/Working-at-Landstar-EI_IE2335.11,19.htm"
492,CF Industries Holdings,https://www.cfindustries.com/,"https://www.glassdoor.com/Overview/Working-at-Stord-EI_IE1954757.11,16.htm#:~:text=Overall%2C%2082%25%20of%20employees%20would,experience%20at%20Stord%20as%20positive."
493,Northern Trust,https://www.northerntrust.com/,"https://www.glassdoor.com/Overview/Working-at-Northern-Trust-EI_IE1710.11,25.htm"
494,Robert Half International,https://www.roberthalf.com/,"https://www.glassdoor.com/Overview/Working-at-Robert-Half-EI_IE1838.11,22.htm"
495,Compass,https://www.compass-group.com/,"https://www.glassdoor.com/Overview/Working-at-Compass-EI_IE796686.11,18.htm"
496,Hasbro,https://shop.hasbro.com/,"https://www.glassdoor.com/Overview/Working-at-Hasbro-EI_IE890.11,17.htm"
497,Roper Technologies,https://www.ropertech.com/,"https://www.glassdoor.com/Overview/Working-at-Roper-Technologies-EI_IE930.11,29.htm"
498,ARKO,https://www.arkocorp.com/,"https://www.glassdoor.com/Overview/Working-at-arko-EI_IE933262.11,15.htm"
499,Frontier Communications,https://frontier.com/,"https://www.glassdoor.com/Overview/Working-at-Frontier-EI_IE131305.11,19.htm"
500,Ameren,https://www.ameren.com/,"https://www.glassdoor.com/Overview/Working-at-Ameren-EI_IE690.11,17.htm"
