,company,url
0,Walmart,https://www.crunchbase.com/organization/walmart
1,Amazon,https://www.crunchbase.com/organization/amazon
2,Apple,https://www.crunchbase.com/organization/apple
3,CVS Health,https://www.crunchbase.com/organization/cvs-caremark
4,UnitedHealth Group,https://www.crunchbase.com/organization/unitedhealth-group
5,Exxon Mobil,https://www.crunchbase.com/organization/exxonmobil
6,Berkshire Hathaway,https://www.crunchbase.com/organization/berkshire-hathaway-corp
7,Alphabet,https://www.crunchbase.com/organization/alphabet
8,McKesson,https://www.crunchbase.com/organization/mckesson
9,AmerisourceBergen,https://www.crunchbase.com/organization/amerisourcebergen-corporation
10,Costco Wholesale,https://www.crunchbase.com/organization/costco
11,Cigna,https://www.crunchbase.com/organization/cigna
12,AT&T,https://www.crunchbase.com/organization/at-t
13,Microsoft,https://www.crunchbase.com/organization/microsoft
14,Cardinal Health,https://www.crunchbase.com/organization/cardinal-health
15,Chevron,https://www.crunchbase.com/organization/chevron
16,Home Depot,https://www.crunchbase.com/organization/the-home-depot-corporate
17,Walgreens Boots Alliance,https://www.crunchbase.com/organization/walgreens-boots-alliance
18,Marathon Petroleum,https://www.crunchbase.com/organization/marathon-petroleum
19,Elevance Health,https://www.crunchbase.com/organization/elevance-health
20,Kroger,https://www.crunchbase.com/organization/kroger
21,Ford Motor,https://www.crunchbase.com/organization/ford
22,Verizon Communications,https://www.crunchbase.com/organization/verizon-communications
23,JPMorgan Chase,https://www.crunchbase.com/organization/jpmorgan-chase-co
24,General Motors,https://www.crunchbase.com/organization/general-motors
25,Centene,https://www.crunchbase.com/organization/centene-corporation
26,Meta Platforms,https://www.crunchbase.com/organization/facebook
27,Comcast,https://www.crunchbase.com/organization/comcast
28,Phillips 66,https://www.crunchbase.com/organization/phillips-66-2
29,Valero Energy,https://www.crunchbase.com/organization/valero-energy
30,Dell Technologies,https://www.crunchbase.com/organization/dell-technologies
31,Target,https://www.crunchbase.com/organization/target
32,Fannie Mae,https://www.crunchbase.com/organization/fannie-mae
33,UPS,https://www.crunchbase.com/organization/united-parcel-service
34,Lowe's,https://www.crunchbase.com/organization/lowes
35,Bank of America,https://www.crunchbase.com/organization/bank-of-america
36,Johnson & Johnson,https://www.crunchbase.com/organization/johnson-johnson
37,Archer Daniels Midland,https://www.crunchbase.com/organization/archer-daniels-midland-company
38,FedEx,https://www.crunchbase.com/organization/fedex
39,Humana,https://www.crunchbase.com/organization/humana
40,Wells Fargo,https://www.crunchbase.com/organization/wells-fargo-bank
41,State Farm Insurance,https://www.crunchbase.com/organization/state-farm-insurance
42,Pfizer,https://www.crunchbase.com/organization/pfizer
43,Citigroup,https://www.crunchbase.com/organization/citigroup
44,PepsiCo,https://www.crunchbase.com/organization/pepsico
45,Intel,https://www.crunchbase.com/organization/intel
46,Procter & Gamble,https://www.crunchbase.com/organization/procter-and-gamble
47,General Electric,https://www.crunchbase.com/organization/general-electric
48,IBM,https://www.crunchbase.com/organization/ibm
49,MetLife,https://www.crunchbase.com/organization/metlife
50,Prudential Financial,https://www.crunchbase.com/organization/prudential-financial
51,Albertsons,https://www.crunchbase.com/organization/albertson
52,Walt Disney,https://www.crunchbase.com/organization/the-walt-disney-company
53,Energy Transfer,https://www.crunchbase.com/organization/energy-transfer-equity
54,Lockheed Martin,https://www.crunchbase.com/organization/lockheed-martin
55,Freddie Mac,https://www.crunchbase.com/organization/freddie-mac
56,Goldman Sachs Group,https://www.crunchbase.com/organization/goldman-sachs
57,Raytheon Technologies,https://www.crunchbase.com/organization/raytheon
58,HP,https://www.crunchbase.com/organization/hewlett-packard
59,Boeing,https://www.crunchbase.com/organization/the-boeing-company
60,Morgan Stanley,https://www.crunchbase.com/organization/morgan-stanley
61,HCAHealthcare,https://www.crunchbase.com/organization/hca
62,AbbVie,https://www.crunchbase.com/organization/abbvie
63,Dow,https://www.crunchbase.com/organization/the-dow-chemical-company
64,Tesla,https://www.crunchbase.com/organization/tesla-motors
65,Allstate,https://www.crunchbase.com/organization/allstate
66,AIG,https://www.crunchbase.com/organization/american-international-group
67,Best Buy,https://www.crunchbase.com/organization/bestbuy
68,Charter Communications,https://www.crunchbase.com/organization/charter-communications
69,Sysco,https://www.crunchbase.com/organization/sysco
70,Merck,https://www.crunchbase.com/organization/merck-co-inc
71,New York Life Insurance,https://www.crunchbase.com/organization/new-york-life-insurance-co
72,Caterpillar,https://www.crunchbase.com/organization/caterpillar-inc
73,Cisco Systems,https://www.crunchbase.com/organization/cisco
74,TJX,https://www.crunchbase.com/organization/the-tjx-companies-inc
75,Publix Super Markets,https://www.crunchbase.com/organization/publix-asset-management
76,ConocoPhillips,https://www.crunchbase.com/organization/conocophillips
77,Liberty Mutual Insurance Group,https://www.crunchbase.com/organization/liberty-mutual-insurance-company
78,Progressive,https://www.crunchbase.com/organization/progressive-commercial
79,Nationwide,https://www.crunchbase.com/organization/nationwide-insurance
80,Tyson Foods,https://www.crunchbase.com/organization/tyson-food
81,Bristol-Myers Squibb,https://www.crunchbase.com/organization/bristol-myers-squibb
82,Nike,https://www.crunchbase.com/organization/nike
83,Deere,https://www.crunchbase.com/organization/john-deere
84,American Express,https://www.crunchbase.com/organization/americanexpress
85,Abbott Laboratories,https://www.crunchbase.com/organization/abbott
86,StoneX Group,https://www.crunchbase.com/organization/intl-fcstone
87,Plains GP Holdings,https://www.crunchbase.com/organization/plains-gp-holdings-lp
88,Enterprise Products,https://www.crunchbase.com/organization/enterprise-products-partners
89,TIAA,https://www.crunchbase.com/organization/tiaa-cref
90,Oracle,https://www.crunchbase.com/organization/oracle
91,Thermo Fisher Scientific,https://www.crunchbase.com/organization/thermo-fisher-scientific
92,Coca-Cola,https://www.crunchbase.com/organization/the-coca-cola-company
93,General Dynamics,https://www.crunchbase.com/organization/general-dynamics
94,CHS,https://www.crunchbase.com/organization/chs-community-health-systems
95,USAA,https://www.crunchbase.com/organization/usaa
96,Northwestern Mutual,https://www.crunchbase.com/organization/northwestern-mutual-life
97,Nucor,https://www.crunchbase.com/organization/nucor-corporation
98,Exelon,https://www.crunchbase.com/organization/exelon-corporation
99,Massachusetts Mutual Life,https://www.crunchbase.com/organization/massmutual
100,Northrop Grumman,https://www.crunchbase.com/organization/northrop-grumman
101,3M,https://www.crunchbase.com/organization/3m
102,Travelers,https://www.crunchbase.com/organization/travelers-insur
103,Arrow Electronics,https://www.crunchbase.com/organization/arrow-electronics
104,Honeywell International,https://www.crunchbase.com/organization/honeywell
105,Dollar General,https://www.crunchbase.com/organization/dollar-general-corporation
106,Qualcomm,https://www.crunchbase.com/organization/qualcomm
107,Capital One Financial,https://www.crunchbase.com/organization/capital-one
108,TD Synnex,https://www.crunchbase.com/organization/td-synnex
109,Philip Morris Internationé,https://www.crunchbase.com/organization/philip-morris-international
110,World Fuel Services,https://www.crunchbase.com/organization/world-fuel
111,Performance Food Group,https://www.crunchbase.com/organization/performance-food-group
112,Delta Air Lines,https://www.crunchbase.com/organization/delta-air-lines
113,American Airlines Group,https://www.crunchbase.com/organization/american-airlines
114,Netflix,https://www.crunchbase.com/organization/netflix
115,Paramount Global,https://www.crunchbase.com/organization/paramount-global-services
116,US Foods Holding,https://www.crunchbase.com/organization/us-foods
117,Danaher,https://www.crunchbase.com/organization/danaher
118,Jabil,https://www.crunchbase.com/organization/jabil
119,Starbucks,https://www.crunchbase.com/organization/starbucks
120,Mondelez International,https://www.crunchbase.com/organization/mondelez-international
121,EliLilly,https://www.crunchbase.com/organization/eli-lilly
122,Hewlett Packard Enterpri,https://www.crunchbase.com/organization/hewlett-packard-enterprise
123,D.R. Horton,https://www.crunchbase.com/organization/d-r-horton
124,Molina Healthcare,https://www.crunchbase.com/organization/molina-healthcare
125,CBRE Group,https://www.crunchbase.com/organization/cbre-group
126,Micron Technology,https://www.crunchbase.com/organization/micron-technology
127,Broadcom,https://www.crunchbase.com/organization/broadcom
128,Gilead Sciences,https://www.crunchbase.com/organization/gilead-sciences
129,PBF Energy,https://www.crunchbase.com/organization/pbf-energy
130,Lennar,https://www.crunchbase.com/organization/lennar-corporation
131,United Natural Foods,https://www.crunchbase.com/organization/united-natural-foods
132,NRG Energy,https://www.crunchbase.com/organization/nrg-energy
133,Nvidia,https://www.crunchbase.com/organization/nvidia
134,Occidental Petroleum,https://www.crunchbase.com/organization/occidental-petroleum-corporation
135,Salesforce,https://www.crunchbase.com/organization/salesforce
136,Dollar Tree,https://www.crunchbase.com/organization/dollar-tree-stores-inc
137,KKR,https://www.crunchbase.com/organization/kkr
138,Kraft Heinz,https://www.crunchbase.com/organization/the-kraft-heinz-company
139,Amgen,https://www.crunchbase.com/organization/amgen-2
140,AutoNation,https://www.crunchbase.com/organization/autonation
141,Penske Automotive Group,https://www.crunchbase.com/organization/penske-automotive-group
142,PayPal Holdings,https://www.crunchbase.com/organization/paypal
143,Macy's,https://www.crunchbase.com/organization/macys
144,Duke Energy,https://www.crunchbase.com/organization/duke-energy-corporation
145,United Airlines Holdings,https://www.crunchbase.com/organization/united-airlines
146,Visa,https://www.crunchbase.com/organization/visa
147,Rite Aid,https://www.crunchbase.com/organization/rite-aid
148,Cummins,https://www.crunchbase.com/organization/cummins
149,U.S. Bancorp,https://www.crunchbase.com/organization/u-s-bancorp
150,Paccar,https://www.crunchbase.com/organization/paccar
151,McDonald's,https://www.crunchbase.com/organization/mcdonalds
152,Southern,https://www.crunchbase.com/organization/southern-company
153,C.H. Robinson Worldwide,https://www.crunchbase.com/organization/c-h-robinson
154,Truist Financial,https://www.crunchbase.com/organization/truist-financial
155,Applied Materials,https://www.crunchbase.com/organization/applied-materials
156,Freeport-McMoRan,https://www.crunchbase.com/organization/freeport-mcmoran
157,Lithia Motors,https://www.crunchbase.com/organization/lithia-motors
158,Blackstone,https://www.crunchbase.com/organization/blackstone
159,Hartford Financial Services Group,https://www.crunchbase.com/organization/the-hartford
160,Aflac,https://www.crunchbase.com/organization/aflac-corporate-ventures
161,Whirlpool,https://www.crunchbase.com/organization/whirlpool
162,Union Pacific,https://www.crunchbase.com/organization/union-pacific-corporation
163,International Paper,https://www.crunchbase.com/organization/international-paper
164,AltriaGroup,https://www.crunchbase.com/organization/altria
165,CDW,https://www.crunchbase.com/organization/cdw-corporation
166,ManpowerGroup,https://www.crunchbase.com/organization/manpowergroup
167,PG&E,https://www.crunchbase.com/organization/pg-e-corporation
168,Carrier Global,https://www.crunchbase.com/organization/carrier-corporation
169,Baker Hughes,https://www.crunchbase.com/organization/baker-hughes
170,Cleveland-Cliffs,https://www.crunchbase.com/organization/cleveland-cliffs
171,United States Steel,https://www.crunchbase.com/organization/united-states-steel-corporation
172,Becton Dickinson,https://www.crunchbase.com/organization/becton-dickinson
173,CarMax,https://www.crunchbase.com/organization/carmax
174,Sherwin-Williams,https://www.crunchbase.com/organization/sherwin-williams
175,Builders FirstSource,https://www.crunchbase.com/organization/builders-firstsource
176,Marsh & McLennan,https://www.crunchbase.com/organization/marsh-mclennan-companies-inc
177,PNC Financial Services,https://www.crunchbase.com/organization/pnc-bank
178,Lumen Technologies,https://www.crunchbase.com/organization/centurylink
179,Avnet,https://www.crunchbase.com/organization/avnet
180,Tenet Healthcare,https://www.crunchbase.com/organization/tenet-healthcare-corporation
181,Kimberly-Clark,https://www.crunchbase.com/organization/kimberly-clark-corporation
182,Kohl's,https://www.crunchbase.com/organization/kohl-s
183,BlackRock,https://www.crunchbase.com/organization/blackrock
184,Jones Lang LaSalle,https://www.crunchbase.com/organization/jones-lang-lasalle
185,Lear,https://www.crunchbase.com/organization/lear-corporation
186,Lincoln National,https://www.crunchbase.com/organization/lincoln-financial-group
187,Charles Schwab,https://www.crunchbase.com/organization/charles-schwab
188,Ross Stores,https://www.crunchbase.com/organization/ross-stores-inc
189,Mastercard,https://www.crunchbase.com/organization/mastercard
190,Genuine Parts,https://www.crunchbase.com/organization/genuine-parts-company
191,WestRock,https://www.crunchbase.com/organization/westrock
192,EOG Resources,https://www.crunchbase.com/organization/eog-resources
193,goanizant Technology,https://www.crunchbase.com/organization/cognizant-technology-solutions
194,Moderna,https://www.crunchbase.com/organization/moderna-therapeutics
195,Steel Dynamics,https://www.crunchbase.com/organization/steel-dynamics
196,HF Sinclair,https://www.crunchbase.com/organization/hollyfrontier-corporation/signals_and_news
197,Texas Instruments,https://www.crunchbase.com/organization/texas-instruments
198,Emerson Electric,https://www.crunchbase.com/organization/emerson
199,WESCO International,https://www.crunchbase.com/organization/wesco-distribution
200,General Mills,https://www.crunchbase.com/organization/generalmills
201,Tenneco,https://www.crunchbase.com/organization/tenneco
202,Waste Management,https://www.crunchbase.com/organization/waste-management
203,Viatris,https://www.crunchbase.com/organization/viatris-a464
204,DISH Network,https://www.crunchbase.com/organization/dish-network
205,L3Harris Technologies,https://www.crunchbase.com/organization/harris
206,DXC Technology,https://www.crunchbase.com/organization/dxc-technology
207,Block,https://www.crunchbase.com/organization/block-fda8
208,Goodyear Tire & Rubber,https://www.crunchbase.com/organization/the-goodyear-tire-rubber
209,Uber Technologies,https://www.crunchbase.com/organization/uber
210,Colgate-Palmolive,https://www.crunchbase.com/organization/colgate-palmolive
211,Stanley Black & Decker,https://www.crunchbase.com/organization/stanley-black-decker
212,DuPont,https://www.crunchbase.com/organization/dupont
213,Stryker,https://www.crunchbase.com/organization/stryker
214,NextEra Energy,https://www.crunchbase.com/organization/nextera-enterprises-inc
215,Targa Resources,https://www.crunchbase.com/organization/targa-resources-partners
216,Western Digital,https://www.crunchbase.com/organization/western-digital
217,PPG Industries,https://www.crunchbase.com/organization/ppg-industries
218,American Electric Power,https://www.crunchbase.com/organization/american-electric-power
219,Gap,https://www.crunchbase.com/organization/gap
220,BJ's Wholesale Club,https://www.crunchbase.com/organization/bj-s-wholesale-club
221,Reinsurance Group of,https://www.crunchbase.com/organization/reinsurance-group-of-america
222,Kinder Morgan,https://www.crunchbase.com/organization/kinder-morgan
223,Oneok,https://www.crunchbase.com/organization/oneok
224,Expeditors Intl. of Washington,"https://www.crunchbase.com/organization/expeditors-international#:~:text=206%2D674%2D3400-,Expeditors%20is%20a%20global%20logistics%20company%20headquartered%20in%20Seattle%2C%20Washington,250%20locations%20across%20six%20continents."
225,Advanced Micro Devices,https://www.crunchbase.com/organization/amd
226,Fiserv,https://www.crunchbase.com/organization/fiserv
227,Estée Lauder,https://www.crunchbase.com/organization/estee-lauder-companies
228,Bank of New York Mellon,https://www.crunchbase.com/organization/bnymellon
229,Laboratory Corp. of America,https://www.crunchbase.com/organization/laboratory-corporation-of-america
230,Regeneron Pharmaceuticals,https://www.crunchbase.com/organization/regeneron-pharmaceuticals
231,Land O'Lakes,https://www.crunchbase.com/organization/land-o-lakes
232,Cheniere Energy,https://www.crunchbase.com/organization/cheniere-energy-inc
233,Southwest Airlines,https://www.crunchbase.com/organization/southwest-airlines
234,Adobe,https://www.crunchbase.com/organization/adobe-systems
235,Synchrony Financial,https://www.crunchbase.com/organization/synchrony-financial
236,Corteva,https://www.crunchbase.com/organization/corteva-agriscience
237,Fidelity National Financial,https://www.crunchbase.com/organization/fidelity-national-financial
238,DTEEnergy,https://www.crunchbase.com/organization/dte-energy
239,Murphy USA,https://www.crunchbase.com/organization/murphy-usa
240,Halliburton,https://www.crunchbase.com/organization/halliburton
241,Automatic Data Processing,https://www.crunchbase.com/organization/adp
242,Edison International,https://www.crunchbase.com/organization/edison-international
243,BorgWarner,https://www.crunchbase.com/organization/borg-warner-corporation
244,Nordstrom,https://www.crunchbase.com/organization/nordstrom
245,Loews,https://www.crunchbase.com/organization/loews-corp
246,Guardian Life Ins. Co. of America,https://www.crunchbase.com/organization/guardian-life
247,Pioneer Natural Resources,https://www.crunchbase.com/organization/pioneer-natural-resources
248,AutoZone,https://www.crunchbase.com/organization/autozone
249,Lam Research,https://www.crunchbase.com/organization/lam-research
250,American Family Insurance Group,https://www.crunchbase.com/organization/american-family-insurance
251,Illinois Tool Works,https://www.crunchbase.com/organization/illinois-tool-works
252,Parker-Hannifin,https://www.crunchbase.com/organization/parker-hannifin
253,Otis Worldwide,https://www.crunchbase.com/organization/otis
254,Omnicom Group,https://www.crunchbase.com/organization/omnicom-group
255,Principal Financial,https://www.crunchbase.com/organization/principal-financial-group
256,Dominion Energy,https://www.crunchbase.com/organization/dominion-energy-technologies
257,Kellogg,https://www.crunchbase.com/organization/kellogg
258,Fluor,https://www.crunchbase.com/organization/fluor-corporation
259,AECOM,https://www.crunchbase.com/organization/aecom
260,Reliance Steel & Aluminum,https://www.crunchbase.com/organization/reliance-steel-aluminum-co
261,Jacobs Engineering Group,https://www.crunchbase.com/organization/jacobs
262,Corning,https://www.crunchbase.com/organization/corning
263,Farmers Insurance Exchange,https://www.crunchbase.com/organization/farmers-insurance-group
264,Qurate Retail,https://www.crunchbase.com/organization/qurate-retail-group
265,Pacific Life,https://www.crunchbase.com/organization/pacific-life-corporation
266,PulteGroup,https://www.crunchbase.com/organization/pulte-group
267,"Fidelity National Information
Services",https://www.crunchbase.com/organization/fis
268,1QVIA Holdings,https://www.crunchbase.com/organization/quintilesims
269,Marriott International,https://www.crunchbase.com/organization/marriott-international
270,Berry Global Group,https://www.crunchbase.com/organization/berry-global-inc
271,Ball,https://www.crunchbase.com/organization/ball
272,Group 1 Automotive,https://www.crunchbase.com/organization/group-1-automotive
273,Leidos Holdings,https://www.crunchbase.com/organization/leidos-holdings
274,Wayfair,https://www.crunchbase.com/organization/wayfair
275,Consolidated Edison,https://www.crunchbase.com/organization/conedison-solutions
276,Ameriprise Financial,https://www.crunchbase.com/organization/ameriprise-financial
277,Xcel Energy,https://www.crunchbase.com/organization/xcel-energy-2
278,O'Reilly Automotive,https://www.crunchbase.com/organization/o-reilly-auto-parts
279,Global Partners,https://www.crunchbase.com/organization/global-partners
280,Discover Financial Services,https://www.crunchbase.com/organization/discover-financial-services
281,Rocket Companies,https://www.crunchbase.com/organization/rocket-companies
282,LKQ,https://www.crunchbase.com/organization/lkq-corporation
283,W.W. Grainger,https://www.crunchbase.com/organization/w-w-grainger
284,Quanta Services,https://www.crunchbase.com/organization/quanta-services-inc
285,CrownHoldings,https://www.crunchbase.com/organization/crown-holdings
286,Fox,https://www.crunchbase.com/organization/fox-corporation
287,Sempra,https://www.crunchbase.com/organization/sempra-energy
288,Markel,https://www.crunchbase.com/organization/markel-corporation
289,Carvana,https://www.crunchbase.com/organization/carvana
290,XPO Logistics,https://www.crunchbase.com/organization/xpo-logistics
291,Baxter International,https://www.crunchbase.com/organization/baxter-international
292,Ecolab,https://www.crunchbase.com/organization/ecolab
293,Tractor Supply,https://www.crunchbase.com/organization/tractor-supply-company
294,The Andersons,https://www.crunchbase.com/organization/the-andersons
295,Keurig Dr Pepper,https://www.crunchbase.com/organization/keurig-dr-pepper
296,Universal Health Services,https://www.crunchbase.com/organization/universal-health-services
297,CSX,https://www.crunchbase.com/organization/csx-corporation
298,Henry Schein,https://www.crunchbase.com/organization/henry-schein-inc
299,Sonic Automotive,https://www.crunchbase.com/organization/sonic-automotive
300,eBay,https://www.crunchbase.com/organization/ebay
301,Textron,https://www.crunchbase.com/organization/textron
302,Jones Financial (Edward Jones),https://www.crunchbase.com/organization/edward-jones
303,Community Health Systems,https://www.crunchbase.com/organization/chs-community-health-systems
304,Mosaic,https://www.crunchbase.com/organization/mosaic-app
305,Thor Industries,https://www.crunchbase.com/organization/thor-industries
306,Dick's Sporting Goods,https://www.crunchbase.com/organization/dicks-sporting-goods
307,Newmont,https://www.crunchbase.com/organization/newmont-mining-e5a4
308,Devon Energy,https://www.crunchbase.com/organization/devon-energy-corporation
309,Warner Bros. Discovery,https://www.crunchbase.com/organization/discovery-inc
310,J.B. Hunt Transport Services,https://www.crunchbase.com/organization/j-b-hunt-transport
311,Alcoa,https://www.crunchbase.com/organization/alcoa
312,Peter Kiewit Sons’,https://www.crunchbase.com/organization/kiewit-corporation
313,Aramark,https://www.crunchbase.com/organization/aramark
314,Vistra,https://www.crunchbase.com/organization/vistra-group
315,State Street,https://www.crunchbase.com/organization/state-street-corporation
316,Unum Group,https://www.crunchbase.com/organization/unum-corporation
317,Alleghany,https://www.crunchbase.com/organization/alleghany-corporation
318,Boston Scientific,https://www.crunchbase.com/organization/boston-scientific
319,Westlake,https://www.crunchbase.com/organization/westlake-chemical-corporation
320,Entergy,https://www.crunchbase.com/organization/entergy-corporation
321,International Flavors & Fragrances,https://www.crunchbase.com/organization/international-flavors-fragrances
322,DaVita,https://www.crunchbase.com/organization/davita
323,Mutual of Omaha Insurance,https://www.crunchbase.com/organization/mutual-of-omaha
324,Assurant,https://www.crunchbase.com/organization/assurant
325,Liberty Media,https://www.crunchbase.com/organization/libertymedia
326,Hormel Foods,https://www.crunchbase.com/organization/hormel-foods
327,Icahn Enterprises,https://www.crunchbase.com/organization/icahn-enterprises
328,Republic Services,https://www.crunchbase.com/organization/republic-services
329,Mohawk Industries,https://www.crunchbase.com/organization/mohawk-industries
330,Conagra Brands,https://www.crunchbase.com/organization/conagra-inc
331,Norfolk Southern,https://www.crunchbase.com/organization/norfolk-southern-corporation
332,AES,https://www.crunchbase.com/organization/aes
333,AGCO,https://www.crunchbase.com/organization/agco-corporation
334,Caesars Entertainment,https://www.crunchbase.com/organization/caesars-entertainment
335,Equitable Holdings,https://www.crunchbase.com/organization/equitable-holdings
336,Advance Auto Parts,https://www.crunchbase.com/organization/advance-auto-parts
337,Biogen,https://www.crunchbase.com/organization/biogen
338,Auto-Owners Insurance,https://www.crunchbase.com/organization/auto-owners-insurance
339,Booking Holdings,https://www.crunchbase.com/organization/the-priceline-group
340,Amphenol,https://www.crunchbase.com/organization/amphenol-corporation
341,Quest Diagnostics,https://www.crunchbase.com/organization/quest-diagnostics
342,FirstEnergy,https://www.crunchbase.com/organization/firstenergy-corp
343,DCP Midstream,https://www.crunchbase.com/organization/dcp-midstream
344,Ally Financial,https://www.crunchbase.com/organization/ally-bank
345,Delek US Holdings,https://www.crunchbase.com/organization/delek-us-holdings-inc
346,Williams,https://www.crunchbase.com/organization/williams
347,Newell Brands,https://www.crunchbase.com/organization/newell-rubbermaid
348,Eastman Chemical,https://www.crunchbase.com/organization/eastman-chemical-company
349,Air Products & Chemicals,https://www.crunchbase.com/organization/air-products
350,Thrivent Financial for,https://www.crunchbase.com/organization/thrivent-financial
351,Molson Coors Beverage,https://www.crunchbase.com/organization/molson-coors
352,Interpublic Group,https://www.crunchbase.com/organization/interpublic-group
353,Weyerhaeuser,https://www.crunchbase.com/organization/weyerhaeuser
354,Altice USA,https://www.crunchbase.com/organization/altice-usa
355,Raymond James Financial,https://www.crunchbase.com/organization/raymond-james
356,EMCOR Group,https://www.crunchbase.com/organization/ecmcorp
357,Eversource Energy,https://www.crunchbase.com/organization/northeast-utilities
358,Yum China Holdings,https://www.crunchbase.com/organization/yum-china
359,Asbury Automotive Group,https://www.crunchbase.com/organization/asbury-automotive-group
360,Owens & Minor,https://www.crunchbase.com/organization/owens-minor
361,Public Service Enterprise Group,https://www.crunchbase.com/organization/public-service-enterprise-group
362,United Rentals,https://www.crunchbase.com/organization/united-rentals
363,MGM Resorts International,https://www.crunchbase.com/organization/mgm-resorts-international
364,Ryder System,https://www.crunchbase.com/organization/ryder-systems
365,Intuit,https://www.crunchbase.com/organization/intuit
366,Cincinnati Financial,https://www.crunchbase.com/organization/cincinnati-financial
367,Erie Insurance Group,https://www.crunchbase.com/organization/erie-insurancegroup
368,Univar Solutions,https://www.crunchbase.com/organization/univar-solutions
369,Huntington Ingalls Industries,https://www.crunchbase.com/organization/huntington-ingalls-industries
370,W.R. Berkley,https://www.crunchbase.com/organization/w-r-berkley
371,Western and Southen Financial Group,https://www.crunchbase.com/organization/western-southern-financial-group
372,Insight Enterprises,https://www.crunchbase.com/organization/insight
373,News Corp.,https://www.crunchbase.com/organization/newscorporation
374,American Tower,https://www.crunchbase.com/organization/american-tower-2e29
375,Old Republic International,https://www.crunchbase.com/organization/old-republic-international-corporation
376,Burlington Stores,https://www.crunchbase.com/organization/burlington-coat-factory
377,Avis Budget Group,https://www.crunchbase.com/organization/avis-budget-group
378,ODP,https://www.crunchbase.com/organization/the-odp-corporation
379,VF,https://www.crunchbase.com/organization/vf-corporation
380,Bed Bath & Beyond,https://www.crunchbase.com/organization/bed-bath-beyond
381,Seaboard,https://www.crunchbase.com/organization/seaboard-corporation
382,First American Financial,https://www.crunchbase.com/organization/first-american
383,Intercontinental Exchange,https://www.crunchbase.com/organization/intercontinentalexchange
384,PVH,https://www.crunchbase.com/organization/pvh
385,Apollo Global Management,https://www.crunchbase.com/organization/apollo-global-management-llc
386,Jefferies Financial Group,https://www.crunchbase.com/organization/jefferies-group
387,Hershey,https://www.crunchbase.com/organization/the-hershey-company
388,NVR,https://www.crunchbase.com/organization/nvr
389,Foot Locker,https://www.crunchbase.com/organization/foot-locker
390,Dana,https://www.crunchbase.com/organization/dana-wallet-indonesia
391,SpartanNash,https://www.crunchbase.com/organization/spartannash
392,Olin,https://www.crunchbase.com/organization/olin-corporation
393,Chewy,https://www.crunchbase.com/organization/mrchewy-com
394,Jackson Financial,https://www.crunchbase.com/organization/jackson-financial-services
395,Activision Blizzard,https://www.crunchbase.com/organization/activision
396,Toll Brothers,https://www.crunchbase.com/organization/toll-brothers
397,Carlyle Group,https://www.crunchbase.com/organization/the-carlyle-group
398,Graybar Electric,https://www.crunchbase.com/organization/graybar
399,Ovintiv,https://www.crunchbase.com/organization/ovintiv
400,UFP Industries,https://www.crunchbase.com/organization/ufp-industries
401,Ulta Beauty,https://www.crunchbase.com/organization/ulta-beauty
402,Constellation Brands,https://www.crunchbase.com/organization/constellation-brands
403,Expedia Group,https://www.crunchbase.com/organization/expedia
404,CommScope Holding,https://www.crunchbase.com/organization/commscope-enterprise-solutions
405,Celanese,https://www.crunchbase.com/organization/celanese
406,Global Payments,https://www.crunchbase.com/organization/global-payments
407,Owens Corning,https://www.crunchbase.com/organization/owens-corning
408,Campbell Soup,https://www.crunchbase.com/organization/campbell-soup-company
409,Huntsman,https://www.crunchbase.com/organization/huntsman-corporation
410,Franklin Resources,https://www.crunchbase.com/organization/franklin-resources
411,Avery Dennison,https://www.crunchbase.com/organization/avery-dennison
412,Masco,https://www.crunchbase.com/organization/masco-corporation
413,CenterPoint Energy,https://www.crunchbase.com/organization/centerpoint-energy
414,Fifth Third Bancorp,https://www.crunchbase.com/organization/fifth-third-bancorp
415,WEC Energy Group,https://www.crunchbase.com/organization/wec-energy-group
416,S&P Global,https://www.crunchbase.com/organization/s-p-global
417,FMGlobal,https://www.crunchbase.com/organization/fm-global
418,Polaris,https://www.crunchbase.com/organization/polaris-7802
419,Williams-Sonoma,https://www.crunchbase.com/organization/williams-sonoma
420,Autoliv,https://www.crunchbase.com/organization/autoliv
421,Arthur J. Gallagher,https://www.crunchbase.com/organization/arthur-j-gallagher-co
422,Motorola Solutions,https://www.crunchbase.com/organization/motorola-solutions
423,Tillow Group,https://www.crunchbase.com/organization/tillo
424,Opendoor Technologies,https://www.crunchbase.com/organization/opendoor-2
425,J.M. Smucker,https://www.crunchbase.com/organization/jm-smucker-company
426,Anywhere Real Estate,https://www.crunchbase.com/organization/anywhere-real-estate
427,Oshkosh,https://www.crunchbase.com/organization/oshkosh-corporation
428,MasTec,https://www.crunchbase.com/organization/mastec-inc
429,GXO Logistics,https://www.crunchbase.com/organization/gxo-logistics
430,APA,https://www.crunchbase.com/organization/american-psychological-association
431,Boise Cascade,https://www.crunchbase.com/organization/boise-cascade
432,Dover,https://www.crunchbase.com/organization/dover-37be
433,Genworth Financial,https://www.crunchbase.com/organization/genworth
434,Bath & Body Works,https://www.crunchbase.com/organization/bath-body-works
435,Booz Allen Hamilton Holding,https://www.crunchbase.com/organization/booz-allen-hamilton
436,Coinbase Global,https://www.crunchbase.com/organization/coinbase
437,Zimmer Biomet Holdings,https://www.crunchbase.com/organization/zimmer-holdings
438,Westinghouse Air Break Technologies,https://www.crunchbase.com/organization/wabtec-corporation
439,Zoetis,https://www.crunchbase.com/organization/pfizer-animal-health-2
440,Packaging Corp. of America,https://www.crunchbase.com/organization/packaging-corp-of-america
441,LPL Financial Holdings,https://www.crunchbase.com/organization/lpl-financial
442,T. Rowe Price,https://www.crunchbase.com/organization/t-rowe-price
443,Fortune Brands Home & Security,"https://www.crunchbase.com/organization/fortune-brands-home-security#:~:text=%26%20Security%2C%20Inc.-,(NYSE%3A%20FBHS)%2C%20headquartered%20in%20Deerfield%2C%20Ill.,Therma%2DTru%20entry%20door%20systems."
444,Casey's General Stores,https://www.crunchbase.com/organization/caseys-general-stores
445,A-Mark Precious Metals,https://www.crunchbase.com/organization/a-mark-precious-metals
446,Hess,https://www.crunchbase.com/organization/hess-corporation
447,Vertex Pharmaceuticals,https://www.crunchbase.com/organization/vertex-pharmaceuticals
448,KeyCorp,https://www.crunchbase.com/organization/key-corp
449,Chipotle Mexican Grill,https://www.crunchbase.com/organization/chipotle-mexican-grill
450,CMS Energy,https://www.crunchbase.com/organization/cms-energy-corporation
451,Arconic,https://www.crunchbase.com/organization/arconic
452,Taylor Morrison Home,https://www.crunchbase.com/organization/taylor-morrison
453,American Financial Group,https://www.crunchbase.com/organization/american-financial-group
454,UGI,https://www.crunchbase.com/organization/ugi-corporation
455,Science Applications International,https://www.crunchbase.com/organization/saic
456,Avantor,https://www.crunchbase.com/organization/avantor-2
457,Hanesbrands,https://www.crunchbase.com/organization/hanesbrands
458,Clorox,https://www.crunchbase.com/organization/the-clorox-company
459,KBR,https://www.crunchbase.com/organization/kbr-inc
460,TravelCenters of America,https://www.crunchbase.com/organization/travelcenters-of-america-llc
461,Hertz Global Holdings,https://www.crunchbase.com/organization/hertz
462,Analog Devices,https://www.crunchbase.com/organization/analog-devices
463,Securian Financial Group,https://www.crunchbase.com/organization/securian-financial-group
464,Darden Restaurants,https://www.crunchbase.com/organization/darden-restaurants
465,Graphic Packaging Holding,https://www.crunchbase.com/organization/graphic-packaging
466,NCR,https://www.crunchbase.com/organization/ncr
467,Brighthouse Financial,https://www.crunchbase.com/organization/brighthouse-financial
468,PPL,https://www.crunchbase.com/organization/ppl-corporation
469,Cintas,https://www.crunchbase.com/organization/cintas
470,Xerox Holdings,https://www.crunchbase.com/organization/xerox
471,Rockwell Automation,https://www.crunchbase.com/organization/rockwell-automation
472,Citizens Financial Group,https://www.crunchbase.com/organization/citizens-bank
473,KLA,https://www.crunchbase.com/organization/kla-tencor
474,Camping World Holdings,https://www.crunchbase.com/organization/camping-world
475,Ingredion,https://www.crunchbase.com/organization/ingredion-incorporated
476,Veritiv,https://www.crunchbase.com/organization/veritiv
477,Beacon Roofing Supply,https://www.crunchbase.com/organization/beacon-roofing-supply
478,Diamondback Energy,https://www.crunchbase.com/organization/diamondback-energy
479,Victoria's Secret,https://www.crunchbase.com/organization/victoria-secret
480,Academy Sports and Outdoors,https://www.crunchbase.com/organization/academy-sports-outdoors
481,Sanmina,https://www.crunchbase.com/organization/sanmina-corporation
482,ON Semiconductor,https://www.crunchbase.com/organization/on-semiconductor
483,Commercial Metals,https://www.crunchbase.com/organization/commercial-metals-company
484,EnLink Midstream,https://www.crunchbase.com/organization/enlink-midstream
485,Southwestern Energy,https://www.crunchbase.com/organization/southwestern-energy-company
486,Equinix,https://www.crunchbase.com/organization/equinix
487,Dillard's,https://www.crunchbase.com/organization/dillards
488,Regions Financial,https://www.crunchbase.com/organization/regions-financial
489,Yum Brands,https://www.crunchbase.com/organization/yum-brands-inc
490,Landstar System,https://www.crunchbase.com/organization/landstar-system-inc
491,CF Industries Holdings,https://www.crunchbase.com/organization/cf-industries-holdings
492,Northern Trust,https://www.crunchbase.com/organization/northern-trust
493,Robert Half International,https://www.crunchbase.com/organization/robert-half-international
494,Compass,https://www.crunchbase.com/organization/compassinc
495,Hasbro,https://www.crunchbase.com/organization/hasbro-inc
496,Roper Technologies,https://www.crunchbase.com/organization/roper-industries
497,ARKO,https://www.crunchbase.com/organization/arko-3d08
498,Frontier Communications,https://www.crunchbase.com/organization/frontier-communications-corporation
499,Ameren,https://www.crunchbase.com/organization/ameren
